"Body_L","Body_M","Body_H","Chng_N","Chng_M","Chng_A","Anno_0","Anno_1","Anno_2","Anno_3","Anno_4","Anno_5","Optn_N","Optn_Y","Zoom_0","Zoom_2","Zoom_4","View_R","View_L","Set_N","Set_L","Set_V","Set_B","Prce_1","Prce_2","Prce_3","Prce_4","None"
-3.35850932789435,0.596570238390181,2.76193908950417,1.3436743164681,-1.27788348351615,-0.0657908329519483,-0.547215870725533,-0.836601181528365,-0.151874951919885,-0.0638535786214536,0.476717285149598,1.12282829764564,-0.963762136488864,0.963762136488864,-1.84489006095888,0.503581185105648,1.34130887585323,-0.790342224962608,0.790342224962608,-0.9485095592214,-0.0704637709812154,0.480068176677109,0.538905153525506,-1.25147494000672,0.83094963362474,0.601074222152017,-0.180548915770041,-0.945577598860836
-2.54557398688245,1.62598381209702,0.919590174785431,0.458131942678436,-0.64111354859514,0.182981605916704,-0.841397378428911,-0.549158379119183,-1.03867025439987,-0.67059480448575,0.570197817899021,2.5296229985347,-0.237297073590193,0.237297073590193,-2.46917524747665,1.49379441749944,0.975380829977212,-0.54039413443653,0.54039413443653,-1.02344308732172,0.727898131622909,0.108826070242827,0.186718885455981,0.394870341174702,2.06547592138478,-0.399434656387314,-2.06091160617216,-1.82384549839357
-2.82276934313211,0.42358341972287,2.39918592340924,-0.0375461333955557,-1.22771008800828,1.26525622140383,-0.261853944878386,-0.692699423080463,1.51510686092969,-0.325152591714982,0.86249583823548,-1.09789673949134,-0.420664456435164,0.420664456435164,-2.16799439749724,2.20456791631536,-0.036573518818122,1.16634604376038,-1.16634604376038,-1.39135893216295,0.627101320262303,-0.203996705018081,0.968254316918723,2.03029016844103,1.57990311085457,-0.0225177116829603,-3.58767556761264,1.17112697608687
-2.06003101757906,1.11389752322807,0.946133494351,-1.75867265280602,-0.44580192308951,2.20447457589553,-1.11955698195783,0.00870342527951135,0.233004624158694,1.35176783746293,0.500942289690396,-0.974861194633704,-1.35918759870173,1.35918759870173,-1.62802736339345,0.93530139895442,0.692725964439029,-0.0996508287301168,0.0996508287301168,-0.346019872778037,0.141379419551327,0.108852402927653,0.0957880502990571,-1.2830548144755,0.0338884570709326,0.591401039464527,0.65776531794004,1.58659204174492
-1.47190423753968,1.47476548688935,-0.00286124934967491,-0.952203380482226,-1.02415371886383,1.97635709934606,0.34572275582571,0.576745791174239,1.75319509950241,-0.719205662777161,-0.262284652520544,-1.69417333120465,-0.351608316022443,0.351608316022443,-1.20183572921478,0.0225287726850824,1.1793069565297,1.39600723099017,-1.39600723099017,-0.0226457339417282,0.24303300099095,-0.338405756653156,0.118018489603934,2.19803472185041,2.49621350972004,-0.766790232627513,-3.92745799894294,1.39137003751736
-2.75992111621611,2.65678409270138,0.10313702351473,-0.40759984141178,-0.547104819651585,0.954704661063365,-1.50358899689356,0.400368706163524,-0.168371803437148,-0.475709665011391,1.03995159360358,0.707350165574988,0.232495979867374,-0.232495979867374,-3.01521153763931,0.363398796151776,2.65181274148754,-0.594138579632989,0.594138579632989,-0.903754990404391,0.521062238673982,0.0587941325850683,0.32389861914534,0.103164009944653,0.94784080159876,0.522558388716311,-1.57356320025973,-0.719436813437266
-2.8159356004486,1.95939947782184,0.856536122626759,-0.634112425349326,-0.920591712469976,1.5547041378193,-2.13431602048196,-0.748805519944846,0.241674020784388,0.909396836787419,0.322798318722107,1.4092523641329,-0.762895150472415,0.762895150472415,-2.67531466778661,1.17351245386111,1.5018022139255,0.24526309885952,-0.24526309885952,-0.795259261361276,-0.241628652231799,-0.170450726291052,1.20733863988413,-1.93309465141661,0.797608384015542,1.2954894042709,-0.160003136869831,-2.33462014096716
-2.05476034158616,1.90149881338116,0.153261528204996,-0.827406873889543,0.163247050629628,0.664159823259915,-1.441945789893,0.777219266592374,0.128839778662873,-1.09136951482621,1.71049029347131,-0.0832340340073414,-0.162982347195732,0.162982347195732,-0.452675169762582,0.536711380706319,-0.0840362109437375,-0.979018903461199,0.979018903461199,-1.10350800205473,-0.308595091824778,1.24515026342891,0.166952830450604,1.34758067420752,1.67664104514636,-0.520213182071859,-2.50400853728203,1.25805107312364
-2.01133155906115,-0.00839056510223592,2.01972212416339,-0.671101266373584,-0.267298557426709,0.938399823800294,-0.479613760365638,-0.383235052216171,-0.0425091733790345,0.0470814218799072,0.386372527081815,0.471904036999121,0.364255801347712,-0.364255801347712,-1.99129866207004,-0.442686313573618,2.43398497564366,0.755255476353557,-0.755255476353557,-0.300506413703314,-0.0929852443166456,-0.227594228384092,0.621085886404051,-0.543579890849963,0.139411842236204,0.941484261188647,-0.537316212574887,3.78359160586956
0.661325766993261,0.342205126675092,-1.00353089366835,-0.855570064005208,0.497348983219821,0.358221080785387,0.573339047829515,0.297475248491156,1.6231401049431,-1.59295567776604,0.980944777128675,-1.8819435006264,-0.184129845424485,0.184129845424485,-1.48822141271274,1.37769354167749,0.110527871035249,0.987902052574747,-0.987902052574747,-1.38258181454078,0.194500155552025,0.490465236952763,0.697616422035993,5.08892693746077,0.935323704909821,-1.12920868130901,-4.89504196106157,4.72166745856084
-1.07660398804257,1.06620619234327,0.0103977956992984,-0.399899066832105,0.278474001539845,0.12142506529226,0.101052465234575,0.828343199935443,1.06936825835442,-0.171593137936143,0.544777084343825,-2.37194786993212,-0.553779212986,0.553779212986,-1.31111282429769,-0.230571396364105,1.54168422066179,0.351319819825281,-0.351319819825281,-0.587402325549631,0.109491566905239,0.221793358058988,0.256117400585404,2.1085030311066,0.737502199193898,-0.00468543070408172,-2.84131979959641,8.68214057908042
-2.52857670216426,2.30233777449281,0.226238927671456,0.364141578993908,-0.512436594913607,0.148295015919699,-1.5300340766139,0.996019068599987,1.57555912399716,-0.837149959643909,1.08815599511512,-1.29255015145446,-0.122428938436578,0.122428938436578,-2.35655127269621,0.825285794467664,1.53126547822855,0.38539631176987,-0.38539631176987,-1.57233337580735,0.144123717784946,0.567133818633218,0.861075839389189,3.23924218779003,1.7958727411836,-0.896734391344337,-4.13838053762929,1.68525543352429
-2.44994165814461,2.92084419011474,-0.470902531970129,-0.448234261991749,-0.731725454274429,1.17995971626618,-0.268642582113169,-0.148997514947736,1.607024354494,-0.0935621850258817,0.31615873248324,-1.41198080489046,-0.252730899173759,0.252730899173759,-3.58949603986265,1.68986827858749,1.89962776127516,0.369388879363539,-0.369388879363539,-0.781108440301599,0.516042403885675,-0.00423364086460689,0.269299677280531,1.1631311705792,2.24653199140511,0.0765794020485566,-3.48624256403287,2.42075980817296
-2.57644362989556,1.97803084474214,0.598412785153419,0.387488024733371,-0.886265141645564,0.498777116912193,0.179489310646732,0.76373896790799,1.90002121063094,-0.601470699026987,-0.586988981355016,-1.65478980880366,-0.284574552651911,0.284574552651911,-3.47928983965921,1.31496736273179,2.16432247692742,0.615976155883418,-0.615976155883418,-1.28930295789692,-0.163734320885706,0.530739933424757,0.922297345357866,3.09546185887998,2.65637412688782,-1.01627900989372,-4.73555697587408,2.51682457546309
-3.57112753509644,1.60440790130352,1.96671963379292,0.484760937932001,-1.19993615703212,0.715175219100123,-1.13452625402204,0.25492794400015,0.28107350772734,0.825994453247135,0.627518329869048,-0.854987980821637,-1.90531876593161,1.90531876593161,-2.13461291571547,-0.0759921791601788,2.21060509487565,-0.163973370760695,0.163973370760695,-1.18210566481068,0.369051420775857,0.330908194631991,0.482146049402837,0.68836837891848,0.427781289098109,-0.781484300697652,-0.334665367318937,0.111035441236956
-1.33589260270659,2.64547464663498,-1.30958204392838,-0.899306997000531,0.124337360301336,0.774969636699194,-0.11704305530502,0.933686477062512,0.655437619594202,-0.520270166419941,0.551600367747669,-1.50341124267942,-0.10673396862267,0.10673396862267,-3.09116586890108,1.42646422817012,1.66470164073096,0.377705030436201,-0.377705030436201,-0.704216389316249,0.00837217490702576,-0.312680308303079,1.0085245227123,2.29181165879588,1.84383451935934,-0.57908043502291,-3.55656574313231,5.07108903960687
-2.47556705279656,0.714577648406369,1.76098940439019,1.13392364370295,-0.584809069947911,-0.549114573755036,0.413589507203736,1.29912078846212,0.700208189972524,-1.25024190650334,0.527621039806928,-1.69029761894196,-0.0338359406189397,0.0338359406189397,-2.95353056864844,2.1156600298586,0.837870538789836,0.384545805495052,-0.384545805495052,-1.4263874351573,0.288678189529132,0.312523779783346,0.825185465844825,3.33284834408882,1.55245915622,-0.384883811070523,-4.5004236892383,4.43464513828883
-1.04745029183375,1.84693623644643,-0.799485944612675,1.20214266933068,-0.830581500736086,-0.371561168594589,2.10630021107104,0.421362660494254,1.36305911873484,-1.46071080449387,-0.135465822649276,-2.29454536315699,0.268207105888756,-0.268207105888756,-0.138811252560945,0.0304331832209238,0.108378069340021,1.10433140053024,-1.10433140053024,-1.0181267714478,0.0322212643422255,0.38292060134727,0.602984905758309,4.79228982539418,0.743134829367097,-1.04925414823386,-4.48617050652741,3.67036339102414
-1.81377352628294,1.87989920394469,-0.0661256776617514,0.00966981265271454,-0.00721419795819542,-0.00245561469451912,0.383778366591988,0.511174293769185,2.24730350170615,-0.621242805818197,-0.232863210203389,-2.28815014604574,-0.631643893126129,0.631643893126129,-3.23042422615198,1.45726153578146,1.77316269037053,1.26764912976028,-1.26764912976028,-1.03330774202456,-0.386937176210656,0.831911899263766,0.588333018971445,3.58127221150713,1.88726001391356,-0.743450930868174,-4.72508129455251,6.6607924746364
-1.939123507558,2.13245493141752,-0.193331423859526,0.018378018540356,-0.180757763515254,0.162379744974898,-0.269532317008528,1.58499812736909,1.65557898950242,-0.438255500375528,0.109371807335394,-2.64216110682285,-0.427021230048377,0.427021230048377,-0.903880074182338,-0.128849965676791,1.03273003985913,0.75148205303289,-0.75148205303289,-1.27581494666401,0.114629953714643,0.224556066120739,0.936628926828627,4.25175372219626,0.489319894848645,-0.747409586403936,-3.99366403064097,7.33366680233683
-1.6055925240708,2.0009932422314,-0.395400718160596,-0.321636781433502,0.353721628940225,-0.0320848475067233,-0.318903479714963,0.61140106570211,0.308079327071368,-1.04190444264059,1.20563651440902,-0.764308984826946,0.214515342432007,-0.214515342432007,-1.7092769126935,1.28696150402772,0.422315408665776,0.740658439483207,-0.740658439483207,-0.59984836771854,-0.713836960402731,1.05436831018036,0.259317017940913,0.83708093823864,0.734832363904192,0.607631952295816,-2.17954525443865,3.33336621854838
-2.71634314196144,1.00722889290608,1.70911424905536,0.0327686957456859,-0.821452611972075,0.78868391622639,-0.438808750023148,0.540267134340708,0.324016342092598,-0.239006593174582,1.46971539027138,-1.65618352350695,0.061372588931603,-0.061372588931603,-2.57654496712444,0.0205204177504778,2.55602454937396,-0.379036897553401,0.379036897553401,-0.737504090092793,0.319264638445043,0.0324998498105384,0.385739601837211,0.295300387033254,1.68342308038795,1.10535460853213,-3.08407807595334,3.706007562277
-2.62767658067899,0.374235114185863,2.25344146649313,0.566294996517135,-0.744518396265609,0.178223399748474,-1.30940748699045,-0.20208563782816,0.594222221226477,-0.885682804778424,2.25238545511801,-0.449431746747454,-0.989963142594248,0.989963142594248,0.0365984103414686,0.624243005181599,-0.660841415523067,0.237055718779625,-0.237055718779625,-0.992828616676314,0.22453021857787,-0.0322328606364244,0.800531258734869,-0.707436488337545,-0.323159117870048,1.41754241026199,-0.386946804054397,-0.987169936682613
-0.977027708190425,1.71060408268255,-0.733576374492123,-0.38499858974913,-0.859255232669843,1.24425382241897,-0.977982720246625,1.75494916249282,1.33950465689233,-0.766761278613748,0.496779491277541,-1.84648931180232,-0.24202118257996,0.24202118257996,0.234952825969141,-0.556293333189909,0.321340507220767,0.726341726273757,-0.726341726273757,-1.61872743144941,0.761124081972548,0.635530415115109,0.222072934361756,3.60844445758008,0.69491234967703,-0.706088407179666,-3.59726840007744,3.98652884868994
-2.24923781720869,2.49502138736926,-0.245783570160576,0.757121971020066,-0.559381098584727,-0.197740872435339,0.758566787066987,1.00446034509178,2.16144218287857,-1.32258266341433,-0.38911815819407,-2.21276849342893,-0.0386082086730126,0.0386082086730126,-1.81510858314138,1.01425849816885,0.800850084972532,0.94447891058968,-0.94447891058968,-1.28212627224,0.572141310667478,0.146164582441757,0.563820379130769,4.70937330865506,1.55442038051454,-1.16551872549182,-5.09827496367778,3.9019196851789
-1.45635094380853,0.33402766805899,1.12232327574954,-1.85028083929712,0.574826713182709,1.27545412611442,-0.435632120497402,-0.428996938420109,0.17376524500961,-0.95196050303943,2.1318856258,-0.48906130885267,-0.610275012953337,0.610275012953337,-0.0649599847353604,0.525214268217906,-0.460254283482545,0.545266836401166,-0.545266836401166,0.501818156774637,-0.0363876639450265,-0.39931766190032,-0.0661128309292897,2.22481477849039,0.496065681495879,-1.10964502381232,-1.61123543617396,-1.20576164802431
-2.05326692648525,2.14396330554892,-0.0906963790636772,0.244009942608272,-0.553131270090393,0.30912132748212,0.621545674603302,1.06643525894334,0.815118170298533,-0.472490980675411,-0.200323797750423,-1.83028432541934,-0.251900399959239,0.251900399959239,-2.68736050322622,0.726600174004235,1.96076032922198,0.998692626150441,-0.998692626150441,-0.914176932917078,0.122641239878272,-0.351373480982734,1.14290917402154,2.30287909843789,2.11752722104873,-0.508708975881468,-3.91169734360515,4.90584422934793
-2.78612591716636,1.55232610553057,1.23379981163579,-0.341969673918988,-1.02777268156597,1.36974235548496,0.122225539444276,-0.0485785928105497,1.40282885554832,-0.306314036188092,-0.0512900670161892,-1.11887169897777,-0.228251721205861,0.228251721205861,0.0310800080789542,-0.256405179546145,0.225325171467191,-0.0405031193455305,0.0405031193455305,-0.961442509198105,-0.0303059934629274,0.24666768868609,0.745080813974942,0.376942257708004,2.24567846905487,0.037274393854674,-2.65989512061755,-0.166398399722686
0.321219781676123,0.522048856809834,-0.843268638485956,-2.99675474001128,1.54340212693923,1.45335261307205,-0.40421432511261,0.509730111218306,1.3498254429716,-1.55923741178775,0.665673952088848,-0.561777769378394,-0.630375040781091,0.630375040781091,-0.424058446692337,0.602258531707156,-0.17820008501482,1.0744137539609,-1.0744137539609,-1.49933402299445,-0.34734418046295,1.47848441046479,0.368193792992613,1.77048960232592,0.616350568312649,-0.531650670293508,-1.85518950034506,-0.631491194180966
-2.92151197102273,0.197180655704941,2.72433131531778,0.06748497272422,-0.981556269570088,0.914071296845868,-0.444998936966743,-0.131705721948619,0.67598335527185,-0.430660386953475,1.86093677227588,-1.5295550816789,-0.901438975295781,0.901438975295781,-1.9200347881765,0.253302026526991,1.66673276164951,-0.912295896980167,0.912295896980167,-1.27118638913624,0.538863677475476,0.598272748305245,0.134049963355518,1.17632193485421,1.35497995736486,0.449366585058101,-2.98066847727717,2.90800145646771
-2.47989247714938,2.72012306779448,-0.240230590645101,1.89410986076563,-0.990666071251139,-0.903443789514486,0.716883111772742,1.3753126442317,0.865808252317219,-0.365842117462809,-0.799537811625317,-1.79262407923354,-0.118253624807068,0.118253624807068,-0.5028169457607,-0.739368571731659,1.24218551749236,0.0636648381575647,-0.0636648381575647,-1.13452344410187,-0.132534114900141,0.611026889445897,0.656030669556116,2.5872734402031,1.52673886642884,-0.652297911382363,-3.46171439524958,2.40821245919655
-2.17823086362252,2.80072516526057,-0.622494301638054,-1.03085468086537,-0.43427369618276,1.46512837704813,-0.897051798139163,0.520909949969544,0.375777976247938,-0.739526560444483,0.986200424579145,-0.246309992212981,-0.445028476475267,0.445028476475267,-1.52775164316878,0.868289204235146,0.659462438933636,0.294692857230955,-0.294692857230955,-1.05989854771472,-0.244278811886353,0.169670729606115,1.13450662999496,0.904801542461884,2.51469108566955,-0.354270465007307,-3.06522216312413,-0.123571087040341
-2.85254427560859,2.65306649738899,0.199477778219598,-1.15821002879745,-0.757638514305066,1.91584854310252,-2.08042349099401,-0.372693477981117,0.776379482600423,1.59956968692403,0.580744294396301,-0.503576494945629,-0.813076468481379,0.813076468481379,-1.5433389325392,0.258108013878352,1.28523091866085,-0.0984085037423561,0.0984085037423561,-0.522731384958064,-0.288691645489485,0.178296990016155,0.633126040431394,-1.24520143405748,0.128012150738017,-0.341702814957432,1.45889209827689,-2.41302644909966
-2.0524003785875,1.71638612048576,0.336014258101743,-1.90117728831008,-0.259176334522675,2.16035362283276,-1.01497103624579,0.77060067197991,1.1646262593354,-1.2012203560417,1.14262808072125,-0.861663619749065,-1.5367370181919,1.5367370181919,-2.3142005442997,1.19275230295944,1.12144824134027,0.675189022032476,-0.675189022032476,-1.11811819522958,-0.20335055048896,0.451881043715312,0.869587702003229,1.48957832981079,1.54567557029937,-0.348077283144681,-2.68717661696548,1.60120161808722
-1.74235978307704,1.44342841323797,0.298931369839069,0.107705175460823,-0.635851942812513,0.528146767351689,1.40526208717591,-0.0518172390410584,0.987495715552905,-0.464613661092616,0.099814238034767,-1.97614114062991,-0.874016759407634,0.874016759407634,-1.83456651515506,0.58652003914264,1.24804647601242,1.06811080086988,-1.06811080086988,-0.89663047848382,0.337873496618353,-0.214081673061047,0.772838654926514,2.736863598323,2.22041133225875,-0.851021825718224,-4.10625310486352,5.3538665531346
-0.790313388081444,1.34718647981063,-0.55687309172919,-0.194711202087028,0.366690691472286,-0.171979489385258,-0.641083059208533,1.71309213534786,1.75805263643893,-0.98448754002368,0.138117707031168,-1.98369187958575,-0.16247221932691,0.16247221932691,0.582339925693686,-0.997887869943822,0.415547944250136,0.591664660831291,-0.591664660831291,-0.857545695399794,0.75171850622759,0.334055648952579,-0.228228459780375,4.08427393970144,0.0313038622951889,-0.579270596301674,-3.53630720569495,6.13488605644142
-2.7570078642724,1.0870073136617,1.6700005506107,0.904136876437937,-1.08623811671904,0.182101240281098,0.75315765029116,-0.147942581389697,-0.0330803629475178,-0.135578483295646,0.793383206238824,-1.22993942889712,-0.407727159828182,0.407727159828182,-1.26811333844304,0.141578082734892,1.12653525570814,-0.29540282173941,0.29540282173941,-0.851852392944167,0.812021258472045,-0.308658326799377,0.348489461271498,1.05211774020788,2.71358001048532,-0.430141304778026,-3.33555644591517,3.44667434801411
-2.3006566711654,0.976322355524663,1.32433431564074,-0.17790203348247,-0.623164580660918,0.801066614143388,-0.700909614366895,-0.244220451911653,0.265988551341644,1.82676408684484,0.635447824695532,-1.78307039660347,-0.685521910608308,0.685521910608308,-1.87395697697478,-0.545724667979459,2.41968164495424,0.0590915352159175,-0.0590915352159175,-0.748302778437145,0.318798020823667,-0.235313173834431,0.664817931447909,0.78596158213269,1.1806689981754,-0.599843049154589,-1.3667875311535,6.03776207273138
-2.96641532022257,1.3141102737929,1.65230504642968,0.527094975644868,-1.10917369593516,0.582078720290295,-0.362493389962296,-0.236747946519631,1.77387108943156,-0.327114929452598,0.558514597461478,-1.40602942095851,-0.850237290166231,0.850237290166231,-2.41614915028329,0.646080226023996,1.77006892425929,-0.182964902947165,0.182964902947165,-1.46491266999473,-0.508995210236162,0.633414590441176,1.34049328978972,1.35370777395606,1.03446732065865,-0.0639394856591771,-2.32423560895553,0.707501301985832
1.4423949938413,-0.185917827607519,-1.25647716623378,-1.59944626021733,0.721870591654216,0.877575668563114,0.0224203731037366,0.821962211523671,1.85013662406305,-1.87588171852433,0.599585630939186,-1.41822312110531,0.0236514137961642,-0.0236514137961642,0.0188218917164243,0.521958668200794,-0.540780559917218,1.07342564692612,-1.07342564692612,-1.03241875814218,0.310258619559562,0.540684916185203,0.181475222397419,4.30523375949332,0.677987023387926,-0.828651437814797,-4.15456934506645,2.39304805400229
-2.42611178902387,0.539439922129852,1.88667186689402,-0.605731182741667,-0.592870404433009,1.19860158717468,-1.86832264871309,-0.829602457490634,-0.0855655011612742,0.928593891618216,0.890968538191276,0.963928177555507,-1.3112775773614,1.3112775773614,-1.23902997875214,0.640155629569952,0.598874349182186,-0.051618737302791,0.051618737302791,-0.530780321231117,1.08784770094689,-0.72291486048557,0.165847480769794,-1.34450526086721,-0.14601268162393,1.44505159645483,0.0454663460363092,0.8125158029194
-0.964676204437201,1.00980052307125,-0.0451243186340504,-0.326828859410251,-0.805922104848438,1.13275096425869,0.263101956603302,0.936661493562439,1.48916145871945,-0.211951793585537,-1.01727461678745,-1.4596984985122,0.60069253110205,-0.60069253110205,-0.850657964306137,-0.668588464225881,1.51924642853202,1.03375628704191,-1.03375628704191,0.901468440932918,-0.291883054162621,-0.35294355071295,-0.256641836057347,0.473827767406971,0.874454324577479,0.906088473513719,-2.25437056549817,2.08607653824647
-1.01059886529871,1.12620381104168,-0.115604945742972,-0.351659377357614,0.255111129445272,0.0965482479123421,0.0413693519201659,0.628861275191229,0.807537185419602,-0.129739897847402,0.59156992799584,-1.93959784267943,-0.47869888047848,0.47869888047848,-1.30319053784376,-0.117350586779176,1.42054112462294,0.11103806519266,-0.11103806519266,-0.447190549958543,0.0812712577984616,0.123443001124314,0.242476291035768,1.76173080650209,0.934659831721134,-0.0356307718308667,-2.66075986639236,8.42417837432688
-3.06699935355699,0.671558286177599,2.39544106737939,0.74098148260878,-1.24779377412208,0.506812291513297,-0.253204490699036,0.119303213110318,1.10710592839275,0.285187254569768,0.46391597906272,-1.72230788443652,-1.00484469911936,1.00484469911936,-2.36059446583687,0.00804076564432038,2.35255370019255,-0.503375176100077,0.503375176100077,-1.00591482369901,0.688364947059613,-0.378223934003326,0.695773810642728,0.918937503143707,2.0554870857928,0.411861835230693,-3.3862864241672,4.42625743584558
-3.30938822099563,-0.430907246905968,3.7402954679016,0.936523238440454,-1.26499994495852,0.328476706518064,0.438674632678036,-0.369474659646862,1.34427038482962,0.345826909197442,0.663540114809709,-2.42283738186795,0.047024826497328,-0.047024826497328,-2.18017241961173,-0.0595781300064613,2.23975054961819,0.683778003007722,-0.683778003007722,-0.774579777119763,0.771101032464458,-0.460475187805306,0.463953932460611,1.22442494464663,0.821145662410299,-0.943103946490652,-1.10246666056628,3.77094836349112
-1.08811956135916,1.23921613060779,-0.151096569248627,-0.4528236434505,0.267617282434787,0.185206361015713,0.109170670634115,0.655299513381394,0.987327948591781,-0.16715293116175,0.677555912231016,-2.26220111367656,-0.578124421105736,0.578124421105736,-1.3153992982796,-0.182052916012311,1.49745221429191,0.281912503927326,-0.281912503927326,-0.456908473944985,0.0427496987392842,0.156176461481284,0.257982313724417,1.98133379651242,0.791262656034929,-0.237297075136691,-2.53529937741066,8.43596943562422
-2.59340121585959,-0.54478308264589,3.13818429850548,-0.748378066947569,-0.454979783137212,1.20335785008478,-0.927208098319702,0.126056983307667,-0.739189090870885,-0.18084976211122,1.00579748490982,0.715392483084321,-1.13110789890083,1.13110789890083,-0.797114201052941,1.61077312089743,-0.813658919844486,0.217413295625783,-0.217413295625783,-0.926254574438894,0.177249644941649,0.160538724470484,0.588466205026762,-0.501531453680292,-0.289876332351223,-0.0579503306165685,0.849358116648083,-2.16250780349748
-2.36875619930027,0.703817148959817,1.66493905034045,-0.132947074583977,-0.660677655388594,0.793624729972571,-1.35842078832262,-1.34638025808434,0.652141067847411,0.57312654733888,1.6962907382774,-0.216757307056727,0.161800046405347,-0.161800046405347,-1.09150463351298,0.941919851609248,0.149584781903737,0.485112637636633,-0.485112637636633,-1.12997880174936,-0.51035993400446,0.987239026667968,0.653099709085854,0.123251566840152,0.38737421702269,1.69086126966422,-2.20148705352706,-0.605321208227275
-1.70953890133941,2.42990301760507,-0.720364116265662,-1.23935804382762,-0.156600501285345,1.39595854511296,-1.55046328598372,0.740169400540422,0.791875843953339,-0.0229079246087701,0.97146637214327,-0.93014040604454,-0.734173055656556,0.734173055656556,-1.47729102207159,0.154348505517445,1.32294251655415,-0.0637197176228282,0.0637197176228282,-0.74355436058172,-0.301284163744906,0.456857556674096,0.58798096765253,0.109734988713368,1.77625965381758,0.500493323880628,-2.38648796641157,3.17899088551971
-2.40233709041399,1.53415291582538,0.86818417458861,-0.0864340091145007,-0.368659322743887,0.455093331858388,-0.111698232533259,0.0993761518122597,1.86200768164291,-0.458421886366053,0.843176383897955,-2.23444009845382,-0.994273361373533,0.994273361373533,0.0555622487094636,-0.62982249204812,0.574260243338656,0.542595280803158,-0.542595280803158,-1.31913833732463,-0.145297665655715,0.808112158915068,0.656323844065273,4.00825097067028,0.841969753583803,-0.971466555146978,-3.87875416910711,5.95636028361718
-3.1166072661347,0.658148240512064,2.45845902562264,0.871863492378767,-1.06672787674158,0.194864384362811,-0.0971240282867678,-0.140754388564913,0.870810005452554,-1.12546131862519,1.30368860711479,-0.81115887709047,-0.683101062822421,0.683101062822421,-2.23396639185382,1.72145428277497,0.512512109078856,0.334375727692651,-0.334375727692651,-1.48279990555637,1.04907740134406,-0.388095766082579,0.821818270294889,1.9549938550318,2.42185094278851,-0.643688897078245,-3.73315590074207,1.09262346525602
-3.04060845042734,0.112967064895796,2.92764138553155,0.339762094346554,-1.42660300283459,1.08684090848804,-1.17101908266573,0.139474670075955,0.669009548379027,-0.453741493481429,0.829503095069894,-0.0132267373777195,-1.31045020859061,1.31045020859061,-0.438765827657723,0.938750543307888,-0.499984715650165,-0.411706162084231,0.411706162084231,-1.31375363338641,0.608501336971419,0.00512893664369394,0.700123359771301,1.1717990842393,0.687539632419164,-0.468846114396094,-1.39049260226237,-0.61332725741856
-1.62337686890973,0.260360008558623,1.36301686035111,0.184140802561447,-0.189759960462908,0.00561915790146092,-0.0525330140099386,0.314637799191676,1.2365951957032,-0.420902050327823,0.952784150100997,-2.03058208065811,-1.26299732426058,1.26299732426058,-1.67298216564129,0.557892100907606,1.11509006473369,0.386112378411477,-0.386112378411477,-1.04070576413706,0.423480818660542,-0.0506115111086511,0.667836456585172,3.04195013378815,1.14222409175191,-0.657208756509135,-3.52696546903092,7.64644709652707
-2.5025444913045,2.44702414000932,0.055520351295181,-1.91392069855504,-0.389935762586257,2.3038564611413,-0.636420267212309,-0.111300734496933,-0.0101268072263628,-0.424454482235079,1.15196663802969,0.0303356531409957,0.0637375672789214,-0.0637375672789214,-0.54504154933498,0.206549664860793,0.338491884474187,-0.741571213584211,0.741571213584211,-0.206827010307876,0.864785793157394,-0.454738577216069,-0.203220205633449,-0.222906091872892,0.483622163845884,0.281741681855249,-0.54245775382824,-2.13818985995951
-1.84708542725744,2.23808008695181,-0.390994659694374,0.810829344730191,-0.255270327555363,-0.555559017174828,-0.424138794266637,1.31554771917171,0.934367489047541,-0.372211694120341,0.500058976593163,-1.95362369642544,-0.628398743073175,0.628398743073175,-2.67943668826052,0.494468092585898,2.18496859567463,0.834512031327998,-0.834512031327998,-0.782719984063577,0.29359457098302,-0.236853643742224,0.72597905682278,2.63103912490773,1.69118182593523,-0.470784831540175,-3.85143611930279,6.82272425022932
-2.86227185875546,1.8784068948969,0.98386496385856,1.47853684147132,-0.929644685955103,-0.548892155516213,0.432568435689937,-0.135039611860898,1.65567672765409,-0.693982511075745,0.597158589515687,-1.85638162992307,-1.08120660939121,1.08120660939121,-1.57747314339792,0.287603111724714,1.2898700316732,0.553829091122569,-0.553829091122569,-1.48623838215191,0.417046362981843,0.847329546069508,0.221862473100555,4.19676514220974,1.87709867452575,-1.07291968188303,-5.00094413485246,2.63781874855453
-2.89411005855443,1.60353843312829,1.29057162542615,1.77641672918161,-1.03329397492653,-0.743122754255076,1.02427220838734,1.16462265741554,1.12097568398398,-0.591714589169265,-0.1532739933231,-2.56488196729449,-0.480332706853709,0.480332706853709,-2.91207429591972,0.30987796994178,2.60219632597794,0.588417608604973,-0.588417608604973,-1.60605244057924,0.409868241972699,0.583060236050683,0.613123962555858,4.46623595952946,1.93750905408658,-1.42921763435795,-4.97452737925809,3.85717189381806
1.44167277373371,-0.290562927892883,-1.15110984584082,1.21672396688524,-0.493168974316914,-0.72355499256833,1.04589046610024,1.0112639186175,0.77213565467965,-0.986771481568289,0.286551867384288,-2.12907042521339,0.0279854715672456,-0.0279854715672456,0.245987393079775,-0.587609366309033,0.341621973229258,0.562020317249985,-0.562020317249985,0.865040809435079,-0.402004581229805,-0.143095470751662,-0.319940757453613,2.30063108171401,0.283187577733232,-0.00757951495242812,-2.57623914449481,5.86510536987287
-2.5588211416376,0.70528944410871,1.85353169752889,0.138011156009355,-0.200588079973343,0.0625769239639882,-1.66372810047358,-1.24083070583661,0.642246018412267,-0.288094221671614,1.11331869754851,1.43708831202103,-0.299050166274465,0.299050166274465,-1.39675601178863,-0.0647493017398629,1.46150531352849,-0.704889085997987,0.704889085997987,-0.642182710541038,0.00496263409252256,0.14943593455979,0.487784141888725,-0.814396557539652,0.321724766637727,1.20715178270924,-0.714479991807315,1.27328401433247
-3.00305986393721,0.433138656112454,2.56992120782476,1.14800983602106,-1.2871031851772,0.139093349156146,0.00838381435816615,0.886036478991647,0.369879183580058,0.162396650202099,0.670583466672806,-2.09727959380478,-0.79292226757864,0.79292226757864,-2.58399219158417,-0.59716966824153,3.1811618598257,-0.285259562586772,0.285259562586772,-1.10613779547246,0.782420876767062,0.228754789878291,0.0949621288271074,1.95699573774482,1.71849763465648,-0.591208977884035,-3.08428439451726,5.26242325049066
-2.72175095277254,1.15181192685724,1.5699390259153,0.155910152446743,-0.690760907008264,0.534850754561521,-0.230867915599814,-0.168479636496088,1.90796832716458,-0.224385021844955,0.971121535246348,-2.25535728847007,-1.10607364722596,1.10607364722596,-2.35523287341843,-0.46705992525844,2.82229279867687,0.184362074293199,-0.184362074293199,-1.05206009221271,0.147611682871945,0.170650860410526,0.733797548930239,2.02429329337566,0.79372437009379,-0.770202363551167,-2.04781529991829,4.97588962268675
0.52593087510829,0.642524537077766,-1.16845541218606,-0.846039015316523,1.02491591846326,-0.178876903146738,-0.907008281973919,0.984121368212457,1.95404861360513,-2.0056598492129,1.25631840600414,-1.28182025663491,0.00225663623819443,-0.00225663623819443,-0.83636242697018,0.902949262605984,-0.0665868356358037,1.0244328325299,-1.0244328325299,-0.825268130747526,0.479716934057022,0.186057259151087,0.159493937539418,4.84028446139859,0.709280408285878,-1.0629394744259,-4.48662539525857,2.08392286487212
-1.61670158823263,1.05049525003427,0.566206338198363,0.204107830023241,-0.629528526392332,0.425420696369092,-0.00415352725431197,0.48609181919516,1.856372661864,-1.07308305629566,0.573306865482734,-1.83853476299192,-0.895558577615733,0.895558577615733,-0.789556420969096,0.399613539566415,0.389942881402681,0.771755439384666,-0.771755439384666,-1.53708062413572,0.673589455514897,0.0102159888166265,0.853275179804196,4.16207781997545,1.24316125641793,-1.08964479693225,-4.31559427946114,4.13350764487766
0.906620558340404,-0.218647087039497,-0.687973471300907,-0.377113580226417,-0.30830730288547,0.685420883111887,-0.373626430106639,1.11268612949739,1.46336807168379,-0.622431698682856,0.394762428719571,-1.97475850111126,-0.313925751182565,0.313925751182565,-0.135846707799168,-0.464839413222785,0.600686121021953,0.543375458000574,-0.543375458000574,-1.17644639529977,0.752402534799222,0.186655506973841,0.237388353526704,2.85203553229098,0.612646355914983,-0.344557091692334,-3.12012479651363,7.48002474281068
-1.95847131916993,1.87521315064154,0.0832581685283889,-0.238757375508855,-0.374510114390801,0.613267489899655,0.33648040566647,1.12994057154937,0.154140678597867,-1.01552533784782,0.450366652963961,-1.05540297092985,-0.560440288212942,0.560440288212942,-1.02768277678442,1.00901739944987,0.0186653773345553,1.06311476232334,-1.06311476232334,-1.40115801524698,-0.501593037185714,0.969595941834025,0.933155110598672,2.85340522342135,1.65849913980342,-0.840596999285479,-3.67130736393929,1.23773356515346
0.155824421121212,0.239750749591516,-0.395575170712728,-2.0878811996375,2.13102618383806,-0.0431449842005618,0.686204042615612,1.03272594095423,1.27893958253076,-2.18629560447432,0.716802302007528,-1.5283762636338,0.0518653905374865,-0.0518653905374865,-1.73611458218269,1.45077678802831,0.285337794154371,1.03335286742294,-1.03335286742294,-0.890444838322569,0.426040387735853,0.797893901428149,-0.333489450841434,4.70070614187751,1.23812466545778,-1.26192675021411,-4.67690405712118,3.84681406286136
-0.781860490546324,1.272102656648,-0.490242166101673,0.0859253124462907,-0.829244712754677,0.743319400308386,-0.509927390267675,1.07989957910412,1.79872178994348,-0.473280781431856,-0.0860814628870321,-1.80933173446104,-0.427921299190963,0.427921299190963,-2.80567790827595,0.877294964321707,1.92838294395424,0.946252212111537,-0.946252212111537,-1.19078543439198,1.11560390850029,-1.07589049659798,1.15107202248967,2.56209819605025,1.56499666963198,-0.0706684692886301,-4.05642639639359,3.22042039851579
-0.285017966242096,0.776290584362583,-0.491272618120488,0.738000893505426,-0.642745637893962,-0.0952552556114639,1.04083730890956,1.91433914725612,0.590169458038233,-0.83614969631992,-0.689573914255135,-2.01962230362886,-0.777560848614539,0.777560848614539,-2.59086536720803,1.14858652279724,1.44227884441079,0.8378342492769,-0.8378342492769,-1.38725959372067,0.0790337677397648,0.272358367057404,1.0358674589235,3.3169069091595,2.15018852339797,-1.07500138791551,-4.39209404464196,4.21803161612181
-2.373645224133,2.60128304717371,-0.227637823040713,0.239724294727697,-0.40570652469416,0.165982229966462,-0.0535525141158715,-0.367517335322831,0.347047700749366,-0.765131563193064,1.78862881746152,-0.949475105579118,-0.429482172810239,0.429482172810239,-1.03097622447842,-0.000321576128998914,1.03129780060742,0.157081306209015,-0.157081306209015,-1.41130090784568,0.036755672804599,0.481415870936979,0.893129364104102,2.65624905095799,1.81811327531923,-0.946162517345045,-3.52819980893217,0.669793292734127
-2.14835368455048,1.92134462181426,0.227009062736223,-0.548511667528187,-0.482320690533871,1.03083235806206,-0.702805274844687,0.606133243640537,0.920203475146703,-0.761505597344809,0.834788240440159,-0.896814087037903,0.18456423284745,-0.18456423284745,-2.28753141482671,1.91990407254687,0.367627342279838,0.254835020673058,-0.254835020673058,-1.15493075700888,0.782258652632091,0.521948247399786,-0.149276143023,2.40111026457896,2.25848681146217,-0.785824503618214,-3.87377257242291,1.18630524202183
-0.621679711958449,-0.217521882152964,0.839201594111413,-0.521602810216742,1.68099397705858,-1.15939116684184,-0.531837781335369,0.323554616640073,0.668781211857236,-1.21781243955735,1.72663338494826,-0.969318992552842,0.226806679117828,-0.226806679117828,-1.42548768389583,0.782836113669998,0.642651570225835,0.436199425692309,-0.436199425692309,-1.38606747863967,-0.000843815868540134,0.6002616632396,0.786649631268608,3.0999411714296,1.57354433923727,-0.936052742199299,-3.73743276846756,4.98872777946388
0.81998081073795,0.724496418106635,-1.54447722884458,-0.6551096806919,2.33021917415777,-1.67510949346587,0.889696139487214,0.640620267832085,1.99008714970696,-1.84674323592265,0.286736198360201,-1.9603965194638,0.181023542500009,-0.181023542500009,-0.408559060994362,0.192621028275926,0.215938032718435,1.10216500996481,-1.10216500996481,0.0265259849284952,-0.122911461885795,-0.269247492855926,0.365632969813226,4.34279620250313,0.56017204426135,-0.749389579472855,-4.15357866729163,5.0043700863938
0.833615196457176,0.450192674812071,-1.28380787126925,-0.936865192210638,1.88550663227398,-0.948641440063338,0.599458941319905,1.03917464994835,1.14010213412256,-1.97473462449405,0.342176777118042,-1.14617787801481,-0.0150980344325058,0.0150980344325058,0.0482361673562401,0.323580259336348,-0.371816426692588,1.15851211076151,-1.15851211076151,-0.227680217973913,-0.787776522638013,0.0906103663161972,0.924846374295729,4.25805171685964,0.480525156633347,-0.891489717288964,-3.84708715620403,2.04350418826241
-0.306542443999295,0.832044132426503,-0.525501688427208,0.408139209004367,-0.453929415546579,0.0457902065422117,1.38763140570134,-0.33954517474248,0.18233377498718,-0.504809672961066,0.909919454787403,-1.63552978777238,-0.306357043090126,0.306357043090126,-1.83280734577806,0.647229208031659,1.1855781377464,-0.0157560625099585,0.0157560625099585,-1.08707462356177,0.526587944303395,0.0707816502413691,0.489705029017001,2.72207879603942,1.61361268106979,-0.823763838341552,-3.51192763876765,4.77893409897624
-3.56689419337434,1.83950966001607,1.72738453335828,0.543046109284337,-1.46038956513002,0.917343455845686,-0.484145355766551,0.280378900694351,0.466718197161386,0.638342756836387,0.824727398583249,-1.72602189750882,-0.245867062743399,0.245867062743399,-2.72399779623932,-0.938753230108134,3.66275102634745,0.385683629203477,-0.385683629203477,-0.608117265684796,0.115087547700885,-0.511565929221365,1.00459564720528,-0.945077752476018,0.610163185403243,0.592543729449256,-0.257629162376481,0.422884718993785
-2.32337164046558,2.03155969938034,0.291811941085233,1.35690134768867,-0.488341725680966,-0.868559622007707,0.451106365190584,1.00655100344198,1.41910867204526,-1.41084228257024,0.269763370792954,-1.73568712890054,0.277691519602891,-0.277691519602891,-2.01212297530883,1.11050820896611,0.901614766342728,1.01252271479565,-1.01252271479565,-1.4839239225363,0.0396359161336199,0.89176997896422,0.552518027438459,4.41010801507456,1.54486748810976,-1.00088095361823,-4.95409454956608,3.46517715750026
-2.86976614096263,1.42201897931776,1.44774716164487,0.789237759758823,-0.950878466675785,0.161640706916962,-1.96206373356308,-1.2481106110741,-0.991155435234939,1.05434773284305,1.15035615124105,1.99662589578802,-0.1788173823911,0.1788173823911,-2.178678049334,0.900986996576036,1.27769105275796,-0.367896479963661,0.367896479963661,-0.996608418610648,-0.560502923014111,0.578422636768941,0.978688704855818,-0.446797486374503,0.946810558483304,0.353484478569208,-0.853497550678009,-1.56621144071798
-1.72921407884947,2.32077785635411,-0.591563777504643,0.700541262198137,-0.556471721408898,-0.144069540789238,0.688488626564221,0.870312227655936,1.66207243242455,-1.0791076512339,-0.173959804535685,-1.96780583087512,0.134180737615839,-0.134180737615839,-0.123759173603119,-0.105290297506661,0.22904947110978,0.930914089868998,-0.930914089868998,-0.224810735910085,-0.191435910579673,0.212346522669099,0.203900123820659,3.88187707863408,0.707500525276354,-0.737062444759881,-3.85231515915055,2.60050096757936
-1.89971575763218,2.20533899339059,-0.305623235758403,-2.20845371955241,0.476978809791882,1.73147490976052,-2.02022615258223,-0.18600710013549,1.15920610707337,-0.512444581096532,0.383545319888444,1.17592640685244,-0.480167936125795,0.480167936125795,-1.30280349860615,-0.186633541231244,1.48943703983739,0.368977341318158,-0.368977341318158,-0.637871840779422,-0.437861311839171,0.849970977382459,0.225762175236134,0.0200687912643842,0.162047338844835,0.0146270174291859,-0.196743147538405,1.26588217879333
-3.29244799875287,0.0414107319346473,3.25103726681822,0.905518325021874,-1.28114836439055,0.375630039368676,-0.843877533120681,-0.0909949261472943,0.542591732055172,-0.615795394637275,0.830164354777806,0.177911767072272,-1.06173155283235,1.06173155283235,-2.16722375801436,0.135352569158331,2.03187118885603,-0.264347909250866,0.264347909250866,-1.2149771798951,0.460259198349073,0.534118839178595,0.220599142367434,0.787897123772437,1.2620112819451,0.332130655115646,-2.38203906083318,0.204002678960572
-2.92676277765663,1.31792783958941,1.60883493806722,0.384108350895576,-1.04726689038249,0.663158539486914,-0.821998851547434,0.591423748526184,1.96423300124035,-0.176453291732572,-0.506609495774168,-1.05059511071236,-0.209998395503892,0.209998395503892,-1.66192908333227,0.127917588422748,1.53401149490952,0.495045189072945,-0.495045189072945,-0.91006136149755,-0.600212826861247,-0.0784276107817695,1.58870179914057,0.0174935170252761,1.07435416638644,0.812366375930444,-1.90421405934216,0.651500989583276
-3.42332651748077,0.3844304756285,3.03889604185227,1.18214585451092,-1.3244444984544,0.14229864394348,-0.512782848895954,0.442825391479437,0.295335626400589,0.526673279144455,0.974740832887073,-1.7267922810156,0.211918885589432,-0.211918885589432,-2.26278060582637,-0.965763345864055,3.22854395169042,0.236662572425724,-0.236662572425724,-0.756117005785128,0.657805168354476,-0.138919171915158,0.23723100934581,0.342253619211587,0.0524061673994161,0.189356428886564,-0.584016215497567,1.2218358568177
-2.79020855531006,0.446742930692004,2.34346562461806,0.232741911455234,-0.69290663443226,0.460164722977026,-1.85710356722329,-0.315186433733439,-0.708009124310161,0.472879394751064,1.22123079056213,1.18618893995369,-1.08165279873647,1.08165279873647,-0.847142814572915,0.779329652127672,0.0678131624452427,-0.319007901853274,0.319007901853274,-0.79381695654868,-0.928251372203469,0.922089972095723,0.799978356656426,-1.33590806352616,-1.08563496812793,1.09264938389593,1.32889364775816,-2.04568789607202
-2.48449649717384,1.58892230098605,0.895574196187785,0.730943726874171,-0.915795112041178,0.184851385167007,-0.901760851674969,0.23766795601155,1.27819162729287,1.24213871104839,-0.195980621926978,-1.66025682075086,-1.69947956561772,1.69947956561772,-2.11185216253417,0.570440601877652,1.54141156065652,0.761699443944349,-0.761699443944349,-0.587574414853044,0.200149048589828,-0.19537345466756,0.582798820930776,-0.631511074106182,0.707065798914173,0.47473473027846,-0.550289455086451,2.78226098525217
-2.32158411278067,2.25050978979763,0.0710743229830415,-0.624836984722612,-0.679233582911495,1.30407056763411,-1.61280560459505,-0.0532225304262917,0.910011059672207,2.30031200171301,-0.0660092645861838,-1.4782856617777,-0.0100946931925421,0.0100946931925421,-1.30858027916116,-0.032306869142971,1.34088714830414,0.186196892534909,-0.186196892534909,-0.237861521543551,0.106892997786051,0.351362231362024,-0.220393707604523,-1.4226106715833,0.762477908074885,0.800347624467425,-0.14021486095901,2.5438046188268
-2.14984934101442,2.17613150337534,-0.0262821623609155,-0.00593473650461469,0.128464774967747,-0.122530038463133,-0.6982261713601,0.567874063349584,0.885570831979699,-1.21158182099512,1.51100626116567,-1.05464316413973,-0.646447131786952,0.646447131786952,-0.540158118341996,0.915988569344191,-0.375830451002195,0.92544780062105,-0.92544780062105,-1.63199730304726,-0.358448829554037,0.51507318748533,1.47537294511597,3.79204709021521,0.954760090893181,-1.08014058865299,-3.6666665924554,1.46422353579247
-2.89920470476705,1.9277478368758,0.971456867891243,0.0348079512468931,-0.899381735795075,0.864573784548182,-1.69196225991936,-0.481572122383065,-0.728132396400053,1.19013032586101,1.61752296609407,0.0940134867473983,-0.811954643682517,0.811954643682517,-1.53158166752422,0.106606700378345,1.42497496714587,-1.43548510440207,1.43548510440207,-0.569618351402931,-0.0801905461162788,0.551006930843596,0.0988019666756139,-2.41616201413442,-0.110882183261188,1.35879127877527,1.16825291862034,-2.13439042386918
1.52875363715265,-0.473202321547518,-1.05555131560513,1.07840217785206,0.312892448863923,-1.39129462671598,2.22905578387465,0.871614177676285,0.0461554763397976,-1.68233733480581,0.00913556923612762,-1.47362367232105,0.38284842299585,-0.38284842299585,0.0719161695004292,0.00584905813633143,-0.0777652276367606,0.73130132761756,-0.73130132761756,0.722362223413194,-0.523810517115922,-0.167917938872926,-0.030633767424346,3.4134901014519,0.584290868787493,-0.67876315576508,-3.31901781447431,2.84757072304505
-2.88642625668172,-0.281572494965065,3.16799875164679,1.20124265457347,-0.910174434260973,-0.291068220312492,-0.44370095209923,0.601825681547665,1.07309596228452,0.0179362921671734,0.728630035882704,-1.97778701978284,-0.0193093106031323,0.0193093106031323,-1.67462981328465,0.0670752023447792,1.60755461093987,0.112316554414135,-0.112316554414135,-1.08890974605116,0.117358384466422,0.0521608163054283,0.919390545279312,0.980673119480435,0.357944616522086,0.425993758801299,-1.76461149480382,3.67222151592021
-2.21535638623601,1.47590004256066,0.739456343675348,-0.779104437350001,-0.681196068524545,1.46030050587455,-0.196047627042036,0.199703202794403,-0.120072803089028,-0.794780827729148,1.1752363524707,-0.264038297404887,-0.683563535966208,0.683563535966208,-2.23150523240169,1.90335859425997,0.328146638141721,0.382040833800507,-0.382040833800507,-0.834910255532697,0.087237506032965,-0.0191570179605523,0.766829767460284,0.355081803733731,1.28762932606998,-0.144550316141919,-1.49816081366179,-0.933286868363901
-2.38739650768408,2.6428511448214,-0.255454637137318,1.62031838370761,-0.625482717466094,-0.994835666241513,0.790492027278499,0.981454221788379,1.96595530057069,-0.981923842001368,-0.490663159328532,-2.26531454830767,0.11339676553917,-0.11339676553917,-1.08839821488454,0.409876861586563,0.678521353297972,0.823321616074279,-0.823321616074279,-1.01672402979064,0.29165420369218,0.662224810118228,0.0628450159802351,4.11007748741599,1.07395278706651,-0.84727502301405,-4.33675525146845,3.80818764346855
-2.80825966765338,1.63339527846379,1.17486438918959,0.111070828353575,-0.968318241663776,0.8572474133102,0.828548380325897,1.1549084367453,1.03484197772385,0.0879654360571756,-0.660986613827744,-2.44527761702448,-0.445347203721825,0.445347203721825,-3.16504137100702,0.413521115233822,2.7515202557732,1.33891403624476,-1.33891403624476,-0.556562597649981,0.984015935465313,-1.04033688690309,0.612883549087756,1.33895760371184,1.10125524791981,0.0684171428138531,-2.5086299944455,4.59434564100469
-3.57459741759573,0.832276202037744,2.74232121555798,0.311206652326462,-1.7038747722188,1.39266811989233,-0.860510364176598,0.728766733345495,1.71900015887142,0.486722783795793,-0.188280551833289,-1.88569876000283,-1.33514426895616,1.33514426895616,-2.55366416647531,0.998577773116138,1.55508639335917,0.494077443458503,-0.494077443458503,-1.44711823330186,0.629262674749803,0.135694974672343,0.682160583879711,1.92884039970138,1.27577009077168,-0.177486268738173,-3.02712422173489,1.44872161417785
-2.804375347442,2.40455476494912,0.399820582492877,0.0904977221740124,-1.11388343300942,1.02338571083541,-0.325850652847321,-0.089367538179743,1.98146790702034,-0.575193653457146,0.677033216194635,-1.66808927873076,0.25889613217543,-0.25889613217543,-0.304454004801254,-0.372588693445355,0.677042698246609,0.270370416961236,-0.270370416961236,-1.0619945456502,1.14518237117525,-0.468628377434076,0.38544055190903,3.09086774344723,1.4713071360194,-0.772604335995096,-3.78957054347154,1.88276857065382
-1.48021498572496,0.356255170602505,1.12395981512246,-0.0123554655181016,-0.526991707265146,0.539347172783247,0.779552872073987,0.912747047630545,0.932485323058582,-1.29111212954509,0.334912428029578,-1.6685855412476,-0.0316379865397548,0.0316379865397548,-1.00888397674159,1.25226283679204,-0.243378860050447,0.558905808399257,-0.558905808399257,-1.61674023923048,0.580915240791101,0.712848877139865,0.322976121299519,4.20189549335648,1.52163299540564,-1.19645675779208,-4.52707173097003,3.84141712919008
-2.55693125723543,2.65014197344684,-0.0932107162114124,-1.65829278427309,-0.177929117425905,1.836221901699,-1.32967219714001,-0.517695246898471,-0.704906131115721,0.80544373032818,0.871875325379949,0.874954519446068,0.111577448026972,-0.111577448026972,-0.412426449649647,-0.364026597054399,0.776453046704046,-0.736917481722673,0.736917481722673,-0.311839066331048,0.588512947689763,-0.347386361374609,0.0707124800158943,-1.61316357216368,0.110673446426271,0.678239909123388,0.824250216614017,-2.93449708031795
0.789941566527003,-0.847296834525741,0.0573552679987384,-1.8135061680592,-0.0589664623078202,1.87247263036702,-0.280708162302728,-0.202343344499866,0.787861383582322,-1.23563466177291,-0.530696390622547,1.46152117561572,0.0223371536134656,-0.0223371536134656,-0.0284544869852453,1.38601077639666,-1.35755628941142,0.465183012498672,-0.465183012498672,-0.964793141674173,-0.0691373291496861,0.380275074543375,0.653655396280484,1.17492330140422,0.153438302909666,0.0116885025035244,-1.34005010681741,-1.87593318976301
-1.91912278479196,-0.983826188890215,2.90294897368218,0.840910060960845,-1.74101387444323,0.900103813482388,0.502697653123318,-0.00287629755070369,1.36835865126412,-0.645905408233992,0.611196990457342,-1.83347158906008,-0.0929530070643382,0.0929530070643382,-0.136096289052158,0.385419335722518,-0.24932304667036,0.568778209469089,-0.568778209469089,-0.99171162233866,1.08974758904785,-0.337255032140846,0.239219065431659,0.905683820458074,0.974156492212985,0.386892329866522,-2.26673264253758,0.76786186920752
-2.94929798336972,1.33008503652004,1.61921294684968,0.683712269904333,-0.948332491587855,0.264620221683523,-0.30064033846892,-0.585119029676612,0.164346458829335,-0.543901119406241,1.99472302722117,-0.72940899849873,0.825350207816496,-0.825350207816496,-2.51571369958489,1.35183319085282,1.16388050873207,0.0735182642730517,-0.0735182642730517,-0.843088994900544,0.581686012174003,0.0292323877364704,0.232170594990071,0.502189476474711,1.77451280775073,-0.715725994584742,-1.56097628964069,0.113569291914062
-2.92648476151644,-0.0653851847607475,2.99186994627718,0.822893951735192,-1.15606876443765,0.33317481270246,-1.03146617507284,-0.437346161266374,-1.57137245664033,0.68158609439089,1.06071467161852,1.29788402697014,-0.156112000375904,0.156112000375904,-1.07270100680029,0.847009873061107,0.225691133739183,-0.269197202311634,0.269197202311634,-0.534772630546967,0.564144587606009,-0.0830659849687248,0.0536940279096822,-1.72218631602249,0.0125353823437916,0.511631437461302,1.1980194962174,-1.96545234009999
-2.62753049976459,1.83605525873363,0.79147524103096,0.728973163969332,-0.670465158766211,-0.0585080052031216,-1.40246141185586,-0.0295078814347826,-1.63470710660632,1.16993710166896,0.322083379429602,1.57465591879839,-0.0919111574004359,0.0919111574004359,-0.834299268427106,0.00617234114374965,0.828126927283357,-0.0457981821002593,0.0457981821002593,-0.27645157275103,-0.464063630199118,0.027748804156448,0.7127663987937,-2.80563119955213,-0.473186604337674,0.983641371052862,2.29517643283695,-2.68117098486466
-1.92602965563745,2.22982490344182,-0.303795247804371,0.0733611370959984,-0.197528950425539,0.12416781332954,1.61342435513665,0.885387698731351,1.46404771818539,-1.2108455115966,-0.131280817214547,-2.62073344324225,-0.090941030772006,0.090941030772006,-2.15011430553044,1.04598799316017,1.10412631237027,0.789297069909344,-0.789297069909344,-1.02370618897958,0.401208087309572,0.557698419899086,0.0647996817709221,4.51275678896231,1.3164303968644,-0.83015031235049,-4.99903687347623,6.46625359550297
-3.44574366610822,0.384154967947382,3.06158869816084,1.02392936447359,-1.77037397858134,0.746444614107745,0.0511687380166505,0.273435561675332,0.494341277214106,0.171938922930606,-0.601076413424698,-0.389808086411996,0.0244395077319374,-0.0244395077319374,-2.81985421418339,-0.0474520162623073,2.8673062304457,-0.0381729890464245,0.0381729890464245,-0.856445854029894,1.22081853710612,-0.778432166755055,0.414059483678831,0.438842179944583,1.74738718808815,-0.0463330865490164,-2.13989628148372,0.560439492724354
1.59536178248636,-0.655561887774189,-0.939799894712168,-0.568387965300086,0.316008189828991,0.252379775471094,0.653894521190956,1.0880975893516,0.661801261294523,-1.21618525737942,0.505771486935713,-1.69337960139336,-0.214433992370669,0.214433992370669,-0.0971939511466999,-0.242715373911165,0.339909325057864,0.605873631453827,-0.605873631453827,-0.267823785217952,0.293221679011708,0.0824662235993577,-0.107864117393114,2.73999548526606,0.581089878567247,-0.372489442019188,-2.94859592181412,5.71339025425961
-2.13364440946426,3.01112031448847,-0.877475905024202,0.69441534309102,-0.40033111494687,-0.29408422814415,-0.125633173475604,0.513110631243212,1.72170995128848,-1.11348787189711,0.56879753434019,-1.56449707149918,-0.0330853286819981,0.0330853286819981,-1.34477464358949,0.585807806764165,0.758966836825323,0.820402176085233,-0.820402176085233,-1.13070593088056,-0.0169602080571894,0.299472263110458,0.848193875827295,3.78086619806167,1.12726999491118,-0.795036507254964,-4.11309968571789,2.42381263765584
-3.26638914301247,2.16926409639463,1.09712504661783,0.233507940113277,-1.4689463370975,1.23543839698422,-1.03052102272527,-0.347688649337387,0.78166634133267,1.26891961723062,0.915573260544514,-1.58794954704515,-1.07101569821037,1.07101569821037,-2.59964515903382,0.130815417558754,2.46882974147506,0.492480670801863,-0.492480670801863,-0.985564542830013,0.560860622925708,-0.163840428871753,0.588544348776058,0.532018469053442,0.235676592338672,0.275176190385444,-1.04287125177756,0.340855318899402
-3.76682478565047,1.3622650065471,2.40455977910337,0.612968988349316,-1.63514917901876,1.02218019066945,-0.583723420831062,-0.635151592913456,0.329526217419426,2.02537915980386,-0.00386508065934425,-1.13216528281942,-0.00723177356151337,0.00723177356151337,-2.89308237524092,-0.209649237709878,3.1027316129508,0.43175519915609,-0.43175519915609,-0.690684728928992,-0.0688395684573945,-0.327853809220277,1.08737810660666,-1.57530650182565,1.05320402798944,1.02963499694706,-0.507532523110854,0.00200705115981519
-0.578240625077276,0.646230123406499,-0.0679894983292236,-1.55933896721335,-0.405264070294339,1.96460303750769,-1.4260707784009,-0.52360586469152,1.80176293396511,-1.14362086836738,1.50200168848372,-0.210467110989029,-0.665586012844274,0.665586012844274,-0.0886588222193991,0.951609195462091,-0.862950373242692,0.399738394610114,-0.399738394610114,-1.20325810805306,-0.250908698174181,0.785042452415752,0.669124353811492,0.604529322743715,0.245228063586953,0.720453464431473,-1.57021085076214,-1.49180939795037
-1.03381998709628,0.577674144111947,0.456145842984336,-2.0195733350288,0.828656045736366,1.19091728929243,0.276029640977055,-0.344113186796219,0.0684977949058315,-1.31484173138036,0.962515139274601,0.35191234301909,0.261909289105064,-0.261909289105064,1.36710770235538,0.799173816565089,-2.16628151892047,0.51999627267359,-0.51999627267359,0.388136280931313,-0.344947155247252,-0.322462888166721,0.27927376248266,-1.32395300657532,0.00483342236958099,-0.251257066538586,1.57037665074433,-2.88487719636739
-2.41203553041062,0.631223690657294,1.78081183975333,0.272500129059404,-0.647248569000122,0.374748439940718,-0.118291806390513,-0.0675365622015439,0.113943672020666,-0.111541802357069,0.279924686991066,-0.0964981880626052,-2.03579421690483,2.03579421690483,-1.43151502811153,0.620369397474865,0.81114563063667,-1.11132762843111,1.11132762843111,-0.995082117875131,0.222708675880522,0.0362528489674122,0.736120593027197,0.908606281631272,1.42354560433405,-0.643781279243129,-1.6883706067222,3.78893432657397
-1.98182749760016,1.1432266257256,0.838600871874557,-0.98677766915597,-0.410868517236993,1.39764618639296,-0.109040951048489,0.049817116774333,0.432748673193045,-0.676604748000972,1.05442414259647,-0.751344233514386,-0.873258521373751,0.873258521373751,-2.01361613814328,1.29660912491955,0.71700701322373,-0.356438784069539,0.356438784069539,-1.22999564134937,0.227611538870497,0.312043430772427,0.690340671706441,2.08867845873312,2.78649672818371,-0.763131284165176,-4.11204390275166,3.00717817997459
-2.83960935033195,2.10617262107486,0.733436729257086,1.76658715254583,-0.853767385518763,-0.912819767027068,0.390778287751091,0.804512704927024,1.20737862157119,0.00540859844515033,-0.0395763932993395,-2.36850181939512,0.729525013897323,-0.729525013897323,-1.70695331842642,-0.531495233489684,2.2384485519161,0.364709583619971,-0.364709583619971,-0.905529614366911,0.56006256953018,0.0514992191707326,0.293967825665999,2.43110548764436,2.00254917911878,-0.518484561345403,-3.91517010541774,4.83651524668916
-0.406330899661664,0.260597543152357,0.145733356509307,-1.06107850912345,1.23352620790419,-0.172447698780737,0.0551494865805228,0.250962633878527,1.44379834774158,-1.03090551451361,0.731433993028711,-1.45043894671573,-0.592519386882503,0.592519386882503,0.592297024350556,-1.08511386157368,0.492816837223119,1.02541601111896,-1.02541601111896,-0.0352552404089956,-0.170392768966554,-0.20396952530599,0.409617534681539,3.9914335427799,0.355768387456727,-0.904678072779121,-3.4425238574575,3.38101069896733
-3.36720123413416,1.09653979843335,2.27066143570081,1.77879534881512,-1.5225055629713,-0.256289785843824,0.628690127870478,-0.300617436416641,0.529110079251562,-0.310287825144137,1.01976446131246,-1.56665940687372,-1.30646850300932,1.30646850300932,-1.38372346956281,-0.639944117842244,2.02366758740505,-0.24254218618063,0.24254218618063,-1.50011564287559,0.216766508754242,0.374756163948992,0.908592970172359,1.9816204486916,1.60462832842855,-0.337632354430424,-3.24861642268973,1.12564226910931
-2.43971284671975,1.90038875084498,0.539324095874776,-0.187617044499639,-0.429532897321808,0.617149941821447,0.179232755677686,-0.506126700602973,-0.478558916005061,-0.602579710256165,1.73642753138006,-0.328394960193547,-0.439038802129852,0.439038802129852,-0.0238702066609557,0.547049504537432,-0.523179297876476,-0.837129050773072,0.837129050773072,-0.630176313780144,0.580536203447841,-0.0172615071013607,0.0669016174336637,0.959090328977322,1.6124750715145,-0.971812835035175,-1.59975256545664,0.817670126500752
-0.0305284414144705,-0.813922962261212,0.844451403675682,0.233281742656934,-1.33398590185749,1.10070415920056,0.216120658700995,0.407012523608732,2.11981274073658,-1.0367945203902,-0.376332871518481,-1.32981853113763,0.270196256244531,-0.270196256244531,-0.718558765923693,0.705866774375715,0.0126919915479776,0.780753636248249,-0.780753636248249,0.302053482946055,-0.314226077514133,0.764563315258671,-0.752390720690593,2.40740322039005,0.41328555565913,0.479104654903297,-3.29979343095248,1.00735694753556
-3.42085269435746,0.467977335111974,2.95287535924549,-0.492990219091839,-1.04352327794027,1.53651349703211,-2.43375659006937,-1.21323495753055,0.330111488995635,1.06853406618456,0.269692507599789,1.97865348481995,-0.860888963446006,0.860888963446006,-1.90266576370164,0.931469057315821,0.971196706385815,-0.254073064563851,0.254073064563851,-1.02406849638632,0.0333530484952035,0.496920601244263,0.493794846646855,-1.26740560199674,1.0205950654481,0.170560358419268,0.0762501781293761,-1.68665408336285
-2.60606023284433,1.84089315416108,0.765167078683255,0.618061121159352,-0.915220231809744,0.297159110650393,-1.2203855650632,-0.187387450320005,2.13814394472624,-0.0164693934068581,0.753396208974437,-1.46729774491062,0.0234671160946929,-0.0234671160946929,-2.02858568290821,0.405304600568712,1.6232810823395,0.926940215147935,-0.926940215147935,-0.982978420930561,-0.164431673904667,0.0736334709017791,1.07377662393345,1.19313886645179,1.82609676158095,0.14139789887095,-3.16063352690369,3.28868266067984
-2.354165194329,1.53818601304348,0.815979181285519,0.419964553972477,-0.555284682869352,0.135320128896876,0.0239331588371398,1.12261349806963,1.24147074582865,-0.567539805278893,0.114913122993279,-1.93539072044981,-0.550660604902403,0.550660604902403,-3.53666539779946,1.12371572214488,2.41294967565459,1.2090340698312,-1.2090340698312,-1.37781478098761,-0.282073301240278,0.367986008965593,1.29190207326229,3.19696725487107,2.42745700450902,-0.791275779324495,-4.83314848005559,4.87953920246824
0.199391722336059,-0.405949789881552,0.206558067545492,0.608962960360075,0.137960945800606,-0.746923906160681,0.14054339910176,0.814763395971927,1.21506418765238,-1.49973189668083,1.13826971724144,-1.80890880328667,-0.440811425583335,0.440811425583335,-1.369136648659,0.309098107708121,1.06003854095088,0.377239090779399,-0.377239090779399,-1.32451919650062,0.216054244171326,0.729111164098687,0.379353788230611,4.93231216035194,1.0722284437535,-1.28490132963838,-4.71963927446706,3.79725821673615
-3.53540413412378,0.612573901509363,2.92283023261442,0.789769507490549,-2.02385440201088,1.23408489452033,-0.101495044825969,0.111936061902692,0.989111861376255,1.46835974456033,-0.651412140299213,-1.81650048271409,0.411653259238187,-0.411653259238187,-2.06394779534567,0.715229199805174,1.34871859554049,-0.690408802479166,0.690408802479166,-0.879465215930803,0.240962371421435,-0.0769417619167289,0.715444606426097,0.279086794843363,0.429853863495306,0.481323376054433,-1.1902640343931,0.515512141219964
-2.87460243946816,1.231560848347,1.64304159112116,-1.23521285140376,-0.617284416061741,1.8524972674655,-2.26223382381518,-0.66460324704902,-0.413439586387628,0.916259460149187,2.07482663999201,0.349190557110636,-1.57799543176274,1.57799543176274,-1.63486029226253,1.15303026985527,0.481830022407259,-0.485923606861586,0.485923606861586,-1.16671955457574,-0.482930846416961,0.544402679794136,1.10524772119857,-0.69989868989217,0.476687420485579,0.134447752509055,0.0887635168975363,-2.10941396933319
-1.76675922901902,0.374935763473096,1.39182346554593,-0.082082516507986,1.42682988879499,-1.344747372287,-0.373901547200862,0.286267115013569,1.12354256341945,-1.08581957550223,0.964347234837794,-0.914435790567719,-0.345992009532186,0.345992009532186,-1.18699885934015,0.293473518572461,0.893525340767691,0.0909809592127118,-0.0909809592127118,-0.229234540460321,-1.02823783639025,0.8959969112038,0.361475465646769,2.70452070693866,-0.0997112580357218,-0.0269918356006938,-2.57781761330225,1.23049047200507
-0.943553666241677,0.255043623230338,0.688510043011338,-1.24162710150938,-0.585998098081597,1.82762519959097,-1.03096699403237,0.168564608326297,1.38731881112427,-1.05729142698828,1.30319975491934,-0.770824753349271,-0.437536845151048,0.437536845151048,-0.799590022116243,0.725413710385067,0.0741763117311759,1.41761923866461,-1.41761923866461,-1.58972092952914,0.347281229909564,0.859316482698816,0.383123216920761,1.86528978575621,1.69640915908789,-0.265683133145135,-3.29601581169897,0.248732519277264
-3.10565732073566,0.860186945854726,2.24547037488093,0.383720528354029,-1.22869701040297,0.844976482048942,-1.25184187824437,0.837926271248013,1.09826736879677,0.891705254534576,0.483751004895827,-2.05980802123082,-0.818648079505212,0.818648079505212,-0.808307705845199,0.0981526684526738,0.710155037392525,0.862984052014861,-0.862984052014861,-0.894364948144827,0.100971878426725,0.88820655940084,-0.0948134896827382,-0.513961775978777,0.222216642007061,0.113721720820965,0.178023413150751,-0.158184050811836
-2.08068454327386,1.85213624637942,0.228548296894446,-0.0283963284512938,-0.544572079971829,0.572968408423123,0.599729333804043,-0.292214184659463,-0.0837235171562975,-0.751852181418373,0.968598840122815,-0.440538290692725,0.33811814644086,-0.33811814644086,-2.20465738868002,1.95821606092595,0.246441327754069,0.0930752003699268,-0.0930752003699268,-1.19445116506894,0.363580030808793,0.0094757984737956,0.821395335786349,2.03030704550471,2.44825050828487,-0.844556875045487,-3.63400067874409,0.494259955327673
-1.97602404445458,0.790543902635037,1.18548014181954,-0.00445980370895432,-0.435008746844297,0.439468550553251,-0.991944840837971,-0.346442406442903,-0.249826385576394,0.111601647904095,1.1955149014416,0.281097083511576,-2.27463506192498,2.27463506192498,-1.47338669056224,0.377421135480933,1.09596555508131,-0.727303961053336,0.727303961053336,-0.636788237381177,-0.325035324652832,0.81504024915051,0.146783312883499,-0.367744347268383,0.698925711807832,0.726783817452257,-1.05796518199171,2.19714205975807
-2.9017405939633,1.4441010805287,1.45763951343461,0.779305858974817,-1.1250035144016,0.345697655426779,0.160519209710105,-0.204045583580903,0.103858394871794,0.658281432394885,-0.358214926674063,-0.360398526721818,-2.14029003816746,2.14029003816746,-0.643136346420894,0.88761053085424,-0.244474184433346,-0.0653519228334683,0.0653519228334683,-1.34659346313299,0.150984414092148,0.057911114362609,1.13769793467823,1.38320212266914,0.0771577631486325,-0.600209694752261,-0.860150191065517,-0.584864895423607
0.424190875527996,0.698121330038663,-1.12231220556666,0.362501367796684,0.65229149467636,-1.01479286247304,1.54239010469782,0.395025585719613,1.82505929083705,-1.59541008757297,0.170482229897873,-2.33754712357938,-0.028485760683373,0.028485760683373,-1.21717393720289,0.580457669178527,0.636716268024359,0.984973504179288,-0.984973504179288,-0.836201849373958,-0.296759932324142,0.245890786695631,0.887070995002469,4.86387991163936,0.845291179342721,-0.865808896340348,-4.84336219464173,6.44672296257873
-2.37351680765215,1.81659095646722,0.556925851184926,0.78226853884962,-0.762390867136835,-0.0198776717127848,0.855446515685839,1.81622579648835,1.31546477186037,-1.05053345405445,-0.556863143550991,-2.37974048642912,-0.772577305693226,0.772577305693226,-2.9462134797926,1.34842050194533,1.59779297784727,0.89502530291352,-0.89502530291352,-1.38200494533208,0.0842622587456588,0.445079886750701,0.85266279983572,4.34259820368114,1.97051522054805,-1.18834602970355,-5.12476739452564,5.08340314559371
-2.85901210741697,2.00823030455372,0.850781802863248,0.464387866621459,-0.834646911386672,0.370259044765213,-0.446748955073697,0.571451018804902,1.25754217043128,0.211104832845559,0.138432602756895,-1.73178166976494,-0.390567417518224,0.390567417518224,-2.9903060442595,-0.296940904612676,3.28724694887218,-0.190443694410144,0.190443694410144,-0.793506376123832,-0.0305118918918383,-0.179373561108761,1.00339182912443,0.996663756436784,2.24657884154208,0.100207861298253,-3.34345045927711,4.89129206201504
-1.70943344576906,1.77939233140007,-0.0699588856310154,-1.31204609952064,0.109423542860817,1.20262255665982,-0.293207058297716,0.297988621141599,0.719580662837291,-0.749070938672332,1.18687402446549,-1.16216531147433,-1.23430864772875,1.23430864772875,-2.28376245606425,1.13668417177832,1.14707828428593,0.463349266134651,-0.463349266134651,-1.0282481266314,-0.333266792199065,0.731673668152738,0.629841250677726,2.33786110594001,2.03612015173127,-0.695367674293407,-3.67861358337787,3.82131296599235
-2.79660143012774,1.02009247322663,1.7765089569011,1.4322840928022,-0.958365773981868,-0.473918318820327,0.258852099268612,0.597643132579996,1.36034562400519,-0.845499001644892,0.223130235989993,-1.5944720901989,-0.258434429915194,0.258434429915194,-2.99788006020385,1.90749866194295,1.0903813982609,0.539420589624072,-0.539420589624072,-1.42285426794609,0.449523974538975,0.549464314777378,0.423865978629738,3.12214045823851,1.2781996765152,-0.0485382895371832,-4.35180184521653,2.31247701990289
-2.59081907413826,1.37036556170215,1.22045351243611,1.05285030457766,-1.16155413634059,0.108703831762933,1.71831965050831,0.603352235175259,0.726912111564455,-0.92302614293138,-0.111117925425982,-2.01443992889066,-0.223342690445993,0.223342690445993,-2.1323800556611,0.410063176569861,1.72231687909124,1.65981059711557,-1.65981059711557,-1.21256720562651,-0.17216495614242,1.09404319944884,0.290688962320096,2.31129072243978,1.54793553885806,0.0280392754312351,-3.88726553672908,2.56521206491258
-2.10180825166747,2.72277251089668,-0.620964259229212,1.44434377743014,-0.396668620631673,-1.04767515679847,1.03189372676564,0.761744968828595,1.44928547163623,-0.523815781980686,-0.548897789707905,-2.17021059554187,0.0345393140731745,-0.0345393140731745,-0.74730096913865,-0.174121767583243,0.921422736721893,0.568376208863516,-0.568376208863516,-0.925751011133682,-0.198595192134724,0.428411269324204,0.695934933944203,2.70085535318713,1.33102988056291,-0.547785717982801,-3.48409951576724,5.02590445529425
-2.31279995857223,1.56202875136592,0.750771207206312,-0.0109786489121392,-0.629346154827267,0.640324803739406,-0.414407751633066,-0.949924778334153,0.264540920489366,-0.797376442021304,2.01278556548585,-0.115617513986695,-0.973329380089384,0.973329380089384,-0.471766896182939,1.18228073653058,-0.710513840347636,0.210595007770054,-0.210595007770054,-1.42968058851479,-0.746907438900403,1.26377307353603,0.912814953879165,1.81241567171639,1.90185932341715,-0.130079694333362,-3.58419530080017,-0.352992745061034
-1.08546479980479,-0.081757971138053,1.16722277094284,0.166576050369795,0.511142771191384,-0.677718821561179,-0.721331548556127,1.32907651948066,0.232759055141032,-1.14109745668401,1.46629286995324,-1.1656994393348,1.340902899293,-1.340902899293,0.868931494280673,-1.12952032656998,0.260588832289309,0.216490491622069,-0.216490491622069,-0.495703147826491,0.436328044697273,0.412457127084967,-0.353082023955749,0.946258341806247,-0.890265996740574,0.185267780199559,-0.241260125265232,-0.0489492097659611
-3.21184531197711,0.142802937375797,3.06904237460131,0.501825557733851,-1.33920737566477,0.837381817930916,0.521752974629182,-0.60306931028137,1.06407400683724,-0.342502874199287,-0.12656358624461,-0.513691210741151,0.45752875268089,-0.45752875268089,-2.04096982845258,0.456286272766984,1.58468355568559,1.19714463410452,-1.19714463410452,-1.03478107667639,0.613348558536242,-0.447485087609556,0.8689176057497,0.981971208857778,1.80340739667637,0.158855236908101,-2.94423384244225,0.876650696966842
-2.54364502362851,1.25721153587479,1.28643348775372,1.53182823612468,-0.75905097641883,-0.772777259705854,0.957007697224618,0.294389641190875,1.47355068137633,-1.34414393525844,0.0480865308406311,-1.42889061537401,-0.457664654670768,0.457664654670768,-1.94573291528931,1.7169524102222,0.22878050506711,0.724271007348023,-0.724271007348023,-1.32339929251322,0.617158910102358,0.663564124838956,0.0426762575719044,3.30789089389128,2.01904636766496,-1.05166253252191,-4.27527472903433,2.48290992804979
-1.64988860676966,1.4450913860056,0.204797220764062,0.835520300676514,-0.0451623147602533,-0.79035798591626,0.717705379692084,0.697289059766804,0.0960078156165177,-0.70780465566572,0.678803469747587,-1.48200106915727,0.474265144309655,-0.474265144309655,-1.14254866647417,0.728239132024992,0.414309534449174,-0.134686228196833,0.134686228196833,-0.737514930550932,-0.363085525247532,1.13432863906178,-0.0337281832633116,1.89667282252073,0.00270678846496379,0.395277659534902,-2.29465727052059,5.08316132434791
-0.47871589503565,1.38819143327714,-0.909475538241489,0.294421493423529,-0.770106056165291,0.475684562741763,0.334163840790568,1.75276101048633,1.32290087607229,-1.08411252259445,-0.350896108586082,-1.97481709616866,0.2993386512078,-0.2993386512078,-0.885351665774275,0.342314506099743,0.543037159674532,0.860524330539482,-0.860524330539482,-0.249365056539782,0.650297403909375,-0.133116028092123,-0.26781631927747,2.35938498909818,1.48007303971652,-0.502410082585114,-3.33704794622958,4.0778577779448
0.0469178211360499,1.52380892023124,-1.57072674136729,-1.39328006163748,2.79284169603567,-1.3995616343982,-0.415570983681402,1.02566422346163,1.8238543351356,-1.73152147853898,0.322260022607784,-1.02468611898463,0.0300113683453702,-0.0300113683453702,-0.375607820183838,0.232242366218314,0.143365453965523,0.72741080005466,-0.72741080005466,0.643809066776977,-0.590575076491049,0.136272068017535,-0.189506058303463,2.65385529531657,0.631299385089671,-0.53431115368262,-2.75084352672362,3.70812409344811
-1.86062172573324,1.54363124918024,0.316990476552998,0.633238977249452,0.104825150527611,-0.738064127777063,-0.460872553935639,0.880161939683836,0.449939368643694,-0.555891361464595,0.820137549414041,-1.13347494234134,-0.455300239347321,0.455300239347321,-1.29018319632912,0.759525230230432,0.53065796609869,-0.751680932398413,0.751680932398413,-0.519037904590641,-0.694366131025714,0.739467297104768,0.473936738511587,0.843719201034257,-0.832972112324588,0.0644634397404364,-0.0752105284501055,3.89811320382136
-0.948816461806872,0.684986625687988,0.263829836118884,-0.0493575430410339,-0.670663080787854,0.720020623828888,-1.27680564604236,0.239987309620869,1.29190048923343,-0.65002364383787,1.31939690443878,-0.924455413412849,-1.02660320321043,1.02660320321043,-0.852988291373226,0.218792621948829,0.634195669424397,0.0834441133777663,-0.0834441133777663,-1.39109284949085,0.742134304269215,0.187438093126544,0.461520452095086,1.53628233525147,1.36854340476786,0.154801194309618,-3.05962693432896,-0.562530307656607
-2.06964168284583,3.02897414160964,-0.959332458763818,0.829808999121098,-0.382446268411152,-0.447362730709946,0.252411796136268,0.857778568209002,0.846372216222874,-1.00915329913337,0.512824776458004,-1.46023405789278,0.122045523661956,-0.122045523661956,-1.23643647980718,0.560833008421262,0.67560347138592,0.573861679533044,-0.573861679533044,-0.778359066754349,0.0540901731807343,0.470460328190696,0.253808565382919,2.39704334183531,1.48274463813589,-0.424908774105195,-3.454879205866,1.82115788953821
-0.261613730470931,1.20031362888345,-0.93869989841252,0.112450238891433,-0.636873973739627,0.524423734848194,-0.412965786836835,0.693583270857247,-1.18180332840466,-0.0970799056668899,0.159738027425385,0.838527722625751,0.95246137715829,-0.95246137715829,-0.0362859689539698,-0.14850992634245,0.18479589529642,-0.630458610719063,0.630458610719063,0.209469461827028,-0.249741960541104,-0.154973120553905,0.195245619267981,-0.458828015062642,-0.162118874637485,0.774887449492161,-0.153940559792034,-0.079193744747068
-3.32102818088482,0.457309972147429,2.86371820873739,1.29722331796052,-1.04326162343626,-0.253961694524268,0.290065578982707,-0.486043905867845,1.44676287945172,-0.743131836117848,1.04821420550108,-1.55586692194981,-0.443276214096695,0.443276214096695,-2.31746386877899,1.04894604863178,1.26851782014722,0.0109659204288247,-0.0109659204288247,-1.37718526083378,0.309107912987296,1.33782319562766,-0.269745847781178,1.61478710402715,1.33165454024651,-0.391475782219808,-2.55496586205386,1.29935370367345
-0.132897024477543,0.373727543611803,-0.24083051913426,-0.383610529034745,-0.911545175574727,1.29515570460947,-1.09371490966835,-0.953321205033356,-0.435482406758577,0.871582107752567,1.54041740397789,0.0705190097298247,0.409153861654346,-0.409153861654346,0.539508596388849,-0.635359233710783,0.095850637321934,-0.949348351896286,0.949348351896286,-0.68595390090596,0.399281445729325,-0.184705851954203,0.471378307130838,-0.684413134867637,-0.835416583768089,0.110670814757446,1.40915890387828,-2.59473476171115
-0.32141703086179,1.48454839035178,-1.16313135948999,-0.588760187074492,1.80971009620008,-1.22094990912559,0.93942743369462,0.731225488100107,1.35086791606068,-1.69195309460383,-0.10840339509127,-1.22116434816031,0.130341558996044,-0.130341558996044,0.653041071540911,-0.349370003994281,-0.30367106754663,0.818734505851687,-0.818734505851687,0.156050039013144,-0.0412970290583064,0.251260205083861,-0.366013215038699,2.37841847695682,1.02601292803199,-0.641987724293176,-2.76244368069564,1.1217346669697
-2.97130985777881,2.241710506072,0.729599351706807,0.571006193196683,-1.07513482047422,0.504128627277539,-2.1126642613417,-0.869650625647543,0.339985875767505,2.07009625027275,0.493046259902391,0.0791865010466027,-1.07254424450424,1.07254424450424,-0.586654257762864,-0.88976962312223,1.47642388088509,0.0559719960654492,-0.0559719960654492,-0.54663756156441,0.320649186469544,-0.0867186993990254,0.312707074493892,-1.63090026481924,-0.471377038943704,0.936490739597119,1.16578656416582,-1.64211890763084
-2.38013443750748,1.99149043913748,0.388643998370009,-1.26203671985131,-0.32566542669255,1.58770214654387,-1.34201137960556,0.4263055850627,0.0250728416073606,-0.907567501504764,2.09646002295677,-0.298259568516507,-1.07110074770595,1.07110074770595,-1.11435715362344,0.707672098146216,0.406685055477221,0.0593802115340016,-0.0593802115340016,-1.40086588766512,-0.201744425329393,0.768822890442226,0.833787422552284,2.38860674788247,2.45598619771655,-1.08446622020606,-3.76012672539296,-0.168113859203054
-3.13011240464124,1.02597658034386,2.10413582429738,1.70552411760446,-1.13169423174643,-0.57382988585803,0.628471422622603,1.52565727669604,0.40383552539171,-0.84332126844994,0.442777263755858,-2.15742022001627,-0.46211109316152,0.46211109316152,-2.22069268429622,0.148054153319068,2.07263853097715,0.211546867109415,-0.211546867109415,-1.44182819038576,0.367096284952228,0.60124393928695,0.473487966146582,3.65862958247456,1.3431557004237,-0.700287898461465,-4.3014973844368,2.94416089112231
-1.92780416686058,0.798986767698217,1.12881739916237,-0.830479318367078,-0.0484875543210765,0.878966872688155,-1.47390351938759,-0.786777178936078,0.0813159779067268,0.309231927592202,1.55963757696263,0.310495215862108,-2.109012887125,2.109012887125,-1.24079537129749,0.00115722431052858,1.23963814698696,-0.114221267331046,0.114221267331046,-0.400555424455855,0.0203973398682539,-0.0180653035755707,0.398223388163172,-0.812780069419943,-0.0486679612992434,0.397626450217189,0.463821580501998,2.86284261824876
-3.25994912837355,1.77313102359061,1.48681810478293,0.0695167778822132,-1.36326364527235,1.29374686739014,0.36298362937992,0.923074290092762,1.33259311585303,-0.0211446171092929,-0.939610262522414,-1.657896155694,0.304659585324196,-0.304659585324196,-2.86774287226599,0.890899178121813,1.97684369414418,0.152854480005938,-0.152854480005938,-0.60327527148543,0.692075440442462,-0.560489012660758,0.471688843703726,0.187136799990501,1.31799555841169,-0.364504375366604,-1.14062798303559,0.49669553143242
-2.93919311053546,0.592670320539462,2.346522789996,-0.75894423845399,-0.902444381712939,1.66138862016693,-1.33825391182596,-0.445656841015726,-0.722357839918571,1.02955742081808,1.07634241784234,0.400368754099838,-0.988412044843812,0.988412044843812,-1.10704320291826,-0.141712355014772,1.24875555793303,-0.376912202543978,0.376912202543978,-0.418253743636014,-0.223513819976102,0.270497785599949,0.371269778012167,-3.08634551778778,-1.09182942889708,0.540140198735912,3.63803474794895,-2.67262695554522
-3.0265204887005,1.21037944291539,1.81614104578511,0.297020305768743,-0.949004759077097,0.651984453308354,-1.96404436639215,-1.38528707612089,0.0333059493730413,1.00171274114693,1.22777971659741,1.08653303539566,-0.921295516342543,0.921295516342543,-0.441506606507132,0.602497020779359,-0.160990414272228,-0.744843541883141,0.744843541883141,-1.21691815948371,-0.0692270761174139,-0.174844792930688,1.46099002853181,1.03033850800848,1.07554668985088,-0.255890238572097,-1.84999495928727,-1.89701951112263
0.00385763733090858,0.805587312898147,-0.809444950229056,2.15455186200362,-1.17290351857006,-0.981648343433556,1.45881883426643,1.71694317693263,1.16992150396901,-1.6913108237223,-0.0309571925855739,-2.6234154988602,0.362269030422334,-0.362269030422334,0.133685781573,-0.591957934640277,0.458272153067277,0.779519867109854,-0.779519867109854,-0.609136404707776,0.825246429580027,0.264085680850142,-0.480195705722393,4.94357111295042,0.622265751367242,-0.928540272406801,-4.63729659191086,4.43384231858235
-2.83120318432593,1.1862908688507,1.64491231547524,0.400086919141834,-1.31053377190972,0.910446852767883,-0.0737811243301053,-0.334572176530434,0.327136262342321,0.773133807636583,-0.800897659626693,0.108980890508329,-0.762485944566795,0.762485944566795,-0.5262292966188,-0.3152631374096,0.8414924340284,0.265640583354798,-0.265640583354798,-1.10830755477253,0.166645222465699,-0.00175470196554151,0.943417034272368,0.722868943895708,0.91520498908186,0.661409456457308,-2.29948338943488,-0.463993332326149
-2.75074721943912,1.02596581288101,1.72478140655812,-0.222656984590928,-0.824387735552761,1.04704472014369,-0.811181933991005,0.905880837673863,0.482345838988406,-0.229641023231039,1.2319319293568,-1.57933564879702,-0.647362219061635,0.647362219061635,-1.59239921207925,0.287751541434502,1.30464767064475,0.463199298944151,-0.463199298944151,-1.20781058472336,0.195987013991466,-0.773935075252691,1.78575864598458,1.83832866727632,1.14544058118985,-0.435672460260887,-2.54809678820529,2.44869078537021
-2.44189487414401,1.59821217370873,0.843682700435273,-0.941264642951766,-0.143473862591067,1.08473850554283,-1.62116614154997,-0.72925645967255,-0.277703667484309,-1.18635890809039,2.07403822616446,1.74044695063277,-0.457013852463712,0.457013852463712,-1.31465847641643,1.50958470646743,-0.194926230051,-0.490487367717544,0.490487367717544,-1.15321733097736,-0.0557688606462689,0.823535830994348,0.385450360629285,1.07596317836635,0.887751785830731,-0.483655162322164,-1.48005980187492,-2.02940302802182
-2.46948750621258,2.79860224610598,-0.329114739893392,0.426888579017481,-0.426478988407655,-0.000409590609826316,0.661028561668886,1.03637187439644,1.24288520021425,-0.943689497802022,-0.416580080262877,-1.58001605821467,-0.0217044487901504,0.0217044487901504,-1.06116199808904,0.523729777905629,0.537432220183408,0.823722039444034,-0.823722039444034,-1.22140026266909,0.0577058633763018,0.719743229942134,0.443951169350659,3.4589584036076,1.62465803149708,-0.939805151830064,-4.14381128327461,2.34715977373339
-2.26717807904298,1.34325523489714,0.923922844145843,-0.903975799409445,-0.484258195135651,1.3882339945451,-0.298161884634777,0.21078745770247,-0.246537956067212,-0.918494561319385,1.98996735607714,-0.737560411758236,-0.822258434646385,0.822258434646385,-1.61547699277973,0.849262893447034,0.766214099332692,0.341221420858799,-0.341221420858799,-1.59211597657362,-0.488649476508036,1.42531264680468,0.655452806276981,2.60274886398183,1.0464629794683,-0.134279259881244,-3.51493258356888,0.0949615299070121
-2.33875752984476,1.54475605241587,0.794001477428894,1.47751148824461,-0.806772641605153,-0.670738846639453,0.81202221435915,0.57737612166099,1.69340445504812,-0.644657625084034,-0.729909215333496,-1.70823595065073,-0.138942241570889,0.138942241570889,-2.47623107872985,1.79950678020763,0.67672429852222,-0.146376209237245,0.146376209237245,-1.03989300744986,0.924942687250353,0.137775620976107,-0.0228253007765976,2.60921280220549,1.378146038428,-0.222716110871223,-3.76464272976227,4.42625310162827
-3.33307897826895,1.30555630241088,2.02752267585807,1.32486911710062,-0.936517640099826,-0.38835147700079,-0.7776230889032,0.0797200847211732,1.2351882032694,-0.834157495537757,1.4292880678256,-1.13241577137522,-0.045611877268373,0.045611877268373,-1.42943673013979,0.54397298732574,0.885463742814055,0.0493590302742466,-0.0493590302742466,-1.34568632290988,0.89043935433355,-0.368831104180661,0.824078072756996,2.88445675619641,0.964210234868941,0.0163365023738224,-3.86500349343917,1.30804552398862
-1.89524892140722,1.79154971567145,0.103699205735761,-2.67962882806824,0.163785057586796,2.51584377048145,-1.57147954783477,-0.343209962545875,0.483110777998119,0.807676196279961,1.13931697825875,-0.515414442156186,-0.727682673123158,0.727682673123158,-1.7639593008172,0.772775009421371,0.99118429139583,0.0189765619436605,-0.0189765619436605,-0.325038683473003,-0.0361102968822329,0.263329395877387,0.0978195844778491,-1.09997037605575,0.301219272555579,0.374702927492187,0.424048176007988,2.01413155197523
2.26046669405172,-1.05291809640866,-1.20754859764306,-0.0290345514612371,-0.885155853877476,0.914190405338713,0.630639503151838,1.45056280089724,0.73584955831264,-1.69647233040803,0.44775512120026,-1.56833465315395,0.105567509222778,-0.105567509222778,0.778429444829871,-0.30071168211893,-0.477717762710941,0.784112473069672,-0.784112473069672,-1.38680702584055,0.814912554124739,0.525217669258278,0.0466768024575307,3.65718036187052,0.408463457715684,-0.560248824832815,-3.50539499475338,2.82722446067437
-2.26200533317792,2.05442210703155,0.207583226146375,-0.528297633839699,-0.787766129068358,1.31606376290806,-0.773201049223125,-0.207307815821345,0.759205633804961,1.21597593194141,0.0467361786911703,-1.04140887939307,-0.0395391944765601,0.0395391944765601,-0.991284003489398,-0.21272000860681,1.20400401209621,0.140907881312378,-0.140907881312378,-0.601776415870103,0.428111961188047,-0.980660110254125,1.15432456493618,0.170005147080939,0.898772890259833,1.06718449539833,-2.13596253273911,3.13029613149743
-1.69134893167056,0.381189776581563,1.310159155089,1.19599043866321,-0.804197796453311,-0.391792642209894,0.945431164843656,0.249102907120697,0.407083531907299,-0.562306640196679,1.2290917179532,-2.26840268162817,-1.10183312353593,1.10183312353593,0.033361843000593,0.0462952479246254,-0.0796570909252184,0.113683790262396,-0.113683790262396,-1.13740263669925,1.28221334381651,-0.0104269314380252,-0.134383775679232,3.02517583320178,0.396045767884132,-0.397991906521463,-3.02322969456445,4.68274465712027
-1.43394177669874,0.830517673166279,0.603424103532462,0.0684359347940774,0.0751380937762438,-0.143574028570321,0.0132761833122317,1.05848577495462,1.51379377345203,-0.667062199921457,0.279064328472784,-2.19755786027021,-0.970129788392582,0.970129788392582,-1.45820424570349,0.498556162612842,0.959648083090653,0.102253118839753,-0.102253118839753,-0.996381904762255,-0.218870786979542,1.1202287698231,0.095023921918693,3.60366367145339,0.888953907674699,-0.621022269574117,-3.87159530955397,7.69001893514927
-2.70384276216604,1.07221874430267,1.63162401786337,0.868104988210873,-0.633005650171785,-0.235099338039089,-0.504606015394123,0.461673801308149,0.528595170946185,-0.651789580407444,1.44259321181845,-1.27646658827122,-0.618433259286616,0.618433259286616,-2.03721082786538,0.87397315525281,1.16323767261257,-1.12333271266243,1.12333271266243,-1.39152220596157,0.331824748236351,0.800274864156315,0.259422593568907,2.98289324752985,1.4125052795002,-0.558307531897402,-3.83709099513264,4.20677663852634
-1.52789351629281,1.14816948672191,0.379724029570906,-1.41359908079181,0.822877662031863,0.590721418759945,-0.308853649020166,-0.214795676033019,1.67559355986823,-1.52076310393363,1.04484201780417,-0.676023148685585,0.123854125000544,-0.123854125000544,-1.48087691410928,0.373149979637781,1.1077269344715,-0.25856939462615,0.25856939462615,-1.45366886820656,0.542406750012016,0.852203569526002,0.0590585486685388,3.12177722578601,1.53597354028627,-0.7283476601237,-3.92940310594858,0.113234569316624
-2.52648327309252,-0.154215482570656,2.68069875566318,-0.896602866416807,-0.26101811773596,1.15762098415277,-0.454769206226232,-0.122875883876417,0.517165241366286,-0.477020598083767,2.13652281155049,-1.59902236473036,0.0651689712030165,-0.0651689712030165,-1.49436027472328,0.449893478192983,1.0444667965303,-0.471372275062147,0.471372275062147,-0.489224760755801,0.237397540580348,0.306848037434318,-0.0550208172588648,0.192804205499214,0.59664239531115,0.191174785212689,-0.980621386023053,3.66602219781894
-2.2675039099881,0.868004296510039,1.39949961347806,0.343188851660445,-0.381818762262724,0.0386299106022788,1.14605540686327,1.13102749814885,0.200290006393533,-1.11745541037572,0.488155766273145,-1.84807326730307,-0.592213853388964,0.592213853388964,-1.62461612962338,0.738264701053115,0.88635142857027,0.783607405316716,-0.783607405316716,-1.36331599497078,0.0353279711826388,0.979969585493308,0.348018438294835,3.29048812209135,1.88423572972358,-1.23075580587859,-3.94396804593634,4.87389021010124
-2.34670114397537,1.07136495288968,1.27533619108569,0.0559880150957616,-0.586692630520129,0.530704615424368,-0.935774959291959,-0.155519815122597,0.700476627212865,1.16983244408271,0.259331768552552,-1.03834606543357,-1.9054370192896,1.9054370192896,-1.97378957254375,-0.695708567453492,2.66949813999724,0.381864661726546,-0.381864661726546,-0.810691551260935,-0.0832745603017064,0.378079593025883,0.515886518536759,0.50303406040848,0.353722376716968,-0.606616464034713,-0.250139973090735,4.23414861817601
-1.99078519684673,2.34109640379288,-0.350311206946149,0.947697637062328,-0.0173757070254896,-0.930321930036838,1.01479105903206,1.34065208038781,1.26492363476035,-1.20496059744831,0.223603993135687,-2.63901016986759,-0.0305118956337583,0.0305118956337583,-1.02574073882309,0.404454740561412,0.621285998261679,0.569304430256944,-0.569304430256944,-1.20495727496495,0.213402031196244,1.0029729318241,-0.0114176880553979,5.00716613193482,0.649622153349535,-0.917843940191125,-4.73894434509323,6.29393979007058
-2.95539313742502,0.354218182945237,2.60117495447978,-0.0148322193677797,-0.712140525215006,0.726972744582785,-1.63516698315001,0.00973840952095223,-1.2845018625221,0.874718013157302,1.32769587973281,0.707516543261044,-1.40790174458065,1.40790174458065,-1.10297862122577,0.620112177111894,0.482866444113875,-0.838004213745674,0.838004213745674,-0.99614224122928,-0.193061090369253,0.74309990073727,0.446103430861263,-0.638250882668906,-0.144610027312694,-0.130154107673162,0.913015017654763,-1.5771031271945
-2.08474969774704,0.359640253918203,1.72510944382883,-0.147266794582447,-0.220062870005365,0.367329664587813,-0.276627346954106,0.50797521880483,-0.251590403220081,-0.461013667461176,2.39634012368237,-1.91508392485184,-0.467959249462977,0.467959249462977,-2.15114956772223,0.431319819778269,1.71982974794396,0.327182112385031,-0.327182112385031,-1.03553994205125,0.180198739094341,0.399105275576356,0.456235927380555,1.65770940854724,1.5334169977717,0.090051384892384,-3.28117779121132,4.83760191500565
-1.9675613440255,1.4630495278847,0.504511816140801,-1.8697297560071,-0.214766729967946,2.08449648597504,-1.26109761382526,0.516442305580029,1.21385549171121,1.30007666325085,-0.345034240939097,-1.42424260577773,-0.634804439960152,0.634804439960152,-2.12336294606114,-0.233900707815394,2.35726365387653,0.119167035651182,-0.119167035651182,-0.311530463469659,-0.0157029519736747,-0.209267060054095,0.536500475497429,-0.428218055156694,0.610891551364377,0.43826086056143,-0.620934356769114,4.33776092550605
-2.61132960397338,1.57488165094621,1.03644795302717,-0.698378034346863,-0.648140462276529,1.34651849662339,-0.487440779214527,0.167796511018459,1.35762444420826,0.0021714199589954,0.402439474390256,-1.44259107036145,-0.481599298578186,0.481599298578186,-2.96638466092839,2.00789751612745,0.958487144800936,1.28268885571981,-1.28268885571981,-1.41932951759825,0.38811084512109,-0.253087722536397,1.28430639501356,2.51971281061292,1.77718217457188,-0.478603343847403,-3.8182916413374,1.69971800925856
-2.95735626673948,0.731489243443436,2.22586702329605,-0.226723331368678,-0.619939066846803,0.846662398215481,-1.78774317065743,-0.273064388895074,0.207998963105348,0.726345877512712,0.55940161314877,0.567061105785675,-1.23487437445583,1.23487437445583,-1.55467136774281,0.532983032153011,1.0216883355898,1.05290442297359,-1.05290442297359,-0.858583357183585,-0.415562299406568,-0.0403451251063795,1.31449078169653,-0.479202100027789,-0.907539946134705,0.270008116535588,1.11673392962691,-1.4453744633152
-2.24466416976198,1.84750482321662,0.39715934654536,-1.05817485252569,-0.340177425437437,1.39835227796313,-1.06617176089668,1.17435438887526,1.74854933929936,-0.398296868328936,0.318150666402161,-1.77658576535116,0.24173977741584,-0.24173977741584,-1.18420491397096,-0.249419254753815,1.43362416872478,0.187696796561695,-0.187696796561695,-0.801041780864399,0.0162592290223888,0.438411710880221,0.346370840961789,2.6336841488141,1.37306966205258,-0.575158186925048,-3.43159562394163,4.57737849483572
-0.672353061308799,1.92136244026793,-1.24900937895913,0.0879044376710199,-0.622911095737371,0.535006658066351,0.725656558224325,1.05537498792707,0.982459018094991,-0.893091057238553,-0.792937731276574,-1.07746177573126,0.190312930753207,-0.190312930753207,-0.979873882132637,0.747900341611263,0.231973540521374,0.843391794815799,-0.843391794815799,-0.98247896005077,0.456773238458785,-0.323551750199722,0.849257471791707,1.87319583344087,1.94088864741818,-0.449024860213094,-3.36505962064596,1.48519507495687
-0.382616853621575,1.68998064249849,-1.30736378887692,-3.47341323786874,2.09047783490396,1.38293540296478,-1.1055494430313,0.310332640260832,0.210029899503015,-0.880573210338223,0.484409824103648,0.981350289502029,-0.815144064836462,0.815144064836462,-0.122490611092501,-0.039839738588188,0.162330349680689,0.314941951677118,-0.314941951677118,-0.0409956204127428,-0.857240429238817,0.657909287256704,0.240326762394856,-0.327335357271757,0.80484289426833,-0.18216362542533,-0.295343911571243,-1.0876695533426
-2.8029402275126,1.14081776001693,1.66212246749568,1.12808253609645,-1.42704092787811,0.298958391781663,0.702315164717926,-0.425905414840394,0.26546188749934,-0.399369761941165,1.1342189017181,-1.27672077715381,-0.953839198421587,0.953839198421587,-1.33816746341808,-0.187376087085628,1.52554355050371,0.755936652564649,-0.755936652564649,-1.34692957260535,0.282366869518662,0.103721085088274,0.96084161799841,1.80350199087858,1.58354177761263,0.00690639266136564,-3.39395016115257,1.29581947486207
-3.06042677639448,1.46244278001784,1.59798399637664,1.0797661334317,-0.978104537272838,-0.101661596158857,-1.04243511034118,0.745590027049468,1.455585406161,0.113320850657264,0.280191435417339,-1.55225260894389,-0.949880671674414,0.949880671674414,-0.556884182188858,-0.288788202819145,0.845672385008003,0.700753286585004,-0.700753286585004,-0.723481164437532,0.200671424290056,0.105538315863768,0.417271424283707,-0.482104486863611,-1.61540524088352,0.908370036191948,1.18913969155518,-0.238466722421557
-0.68430009473963,-0.47415599008018,1.15845608481981,-1.03698254400665,0.669682477484859,0.367300066521791,-1.01001550879541,1.61638574902416,0.00750344089851436,-1.73789231417644,1.89800819794433,-0.773989564895152,-0.192976792327746,0.192976792327746,0.00760485763156266,0.0079827893162061,-0.0155876469477688,0.324471511797724,-0.324471511797724,-1.67150738017489,0.176534411187454,1.15886767575742,0.336105293230007,2.31200603393422,-0.592336857479124,-1.04085124598782,-0.678817930467276,-0.215416592536534
-0.785387162327691,1.48280815240872,-0.697420990081029,-1.94640262537171,1.53136549520471,0.415037130167002,-0.63257706015084,-0.429293485930439,1.13684900110835,-0.823921473967767,-0.428757601704647,1.17770062064534,-0.379457630025743,0.379457630025743,-0.923426542617829,1.34691803788955,-0.423491495271722,0.327436564533721,-0.327436564533721,-0.00566314883102066,-1.34501391613207,0.71355512923907,0.637121935724019,1.60237658044038,0.585182682743926,-0.582199435303092,-1.60535982788121,-0.0144158950855044
-3.03125548899136,2.60662857977962,0.42462690921174,1.45655454454786,-1.02882496516196,-0.427729579385906,0.411808374950881,1.07760110483893,1.58650286307589,-0.668185229885395,-0.343867320084176,-2.06385979289613,0.578620544365013,-0.578620544365013,-0.671025898526639,-0.725587117044451,1.39661301557109,0.0132334457353626,-0.0132334457353626,-0.925481532932869,0.962403800307254,-0.256136707768978,0.219214440394592,3.15343685430087,1.34005849481247,-0.668072077858002,-3.82542327125534,2.57071485165511
-1.87562317423641,0.0506537655251891,1.82496940871122,0.135942546310305,-0.226754103085663,0.0908115567753581,0.167396220310666,0.388029716891921,1.14416827729655,-0.395795048788719,0.993366740372194,-2.29716590608261,-0.215982738372943,0.215982738372943,-2.07371917515877,0.405261550073847,1.66845762508492,1.07771882229563,-1.07771882229563,-0.7345449856096,-0.193217729001796,-0.124997942506528,1.05276065711792,2.71760942158267,1.43067612724946,-0.452078974768158,-3.69620657406397,8.05596759775073
-2.61883895813104,0.879522734363203,1.73931622376784,0.39150186400924,-0.835656420667409,0.444154556658169,-1.25033201081272,-1.29947184487058,-0.0489600253272479,2.27431011540143,1.73235524519523,-1.40790147958611,-1.38960788304065,1.38960788304065,-1.57377022429305,-0.0960253883993229,1.66979561269237,-0.0553520425586241,0.0553520425586241,-0.513930397362755,0.532734340583671,-0.594108259342478,0.575304316121562,-1.39386371312263,0.235026277142238,0.353543159026874,0.805294276953516,3.32807400339531
-2.37675398174237,2.83974662315778,-0.462992641415405,-1.17273836130427,-0.454147257344415,1.62688561864869,-0.35658548548213,0.149902283498065,-0.0167877128049007,-0.698253065050385,1.05123723737799,-0.129513257538635,0.427396292825869,-0.427396292825869,-0.243983946081863,-0.412214595863971,0.656198541945834,-0.607987522672441,0.607987522672441,-0.37564926675106,0.154716149172427,0.467692324084932,-0.2467592065063,-0.893945810955116,1.14480568628424,0.560283141461631,-0.811143016790756,-1.58472246799973
-2.19182868961735,1.6131906452411,0.578638044376254,0.23540463983537,-0.752207708924635,0.516803069089265,1.23677058267248,-1.02320376359625,1.16846251692552,-0.58172390293217,0.14301254834092,-0.943317981410494,0.359649518676433,-0.359649518676433,-1.29706325612165,1.50200235565001,-0.204939099528357,0.969463157592217,-0.969463157592217,-0.889984666593877,-0.625174736573489,0.844881656215209,0.670277746952157,1.02524982136192,1.42081275899007,0.291433212474468,-2.73749579282646,0.909490309608184
-2.93200702293168,1.47462796484722,1.45737905808447,-0.560555584314887,-0.895136502181661,1.45569208649655,-1.16769842636944,0.0829013064576228,0.191021291487935,0.689849565296227,0.830244165674706,-0.626317902547047,0.180683732749561,-0.180683732749561,-2.611695776063,0.52784162913617,2.08385414692683,-0.12343368440673,0.12343368440673,-0.928787264534532,-0.327025060007869,0.990013810531027,0.265798514011373,-0.873051064981727,1.63119672648041,0.75809109207058,-1.51623675356926,-0.597106330866285
-2.63957535286054,0.592766260885387,2.04680909197515,1.67955773769418,-1.2106521723938,-0.468905565300373,0.587924178688799,0.226741915049383,0.411137352824915,-0.857630651293549,0.973455484412726,-1.34162827968227,-0.758274669274598,0.758274669274598,-2.58220522123293,1.72968081031674,0.852524410916192,0.341342753296192,-0.341342753296192,-1.39703478750443,0.0966844444262592,0.425911720983398,0.874438622094772,2.39500515636711,1.10448607623182,0.188534067459874,-3.6880253000588,1.5000806313003
-2.6740289365662,1.84474424440122,0.829284692164979,-0.657259706046386,-1.20389541368697,1.86115511973336,-0.303617484285891,0.430176371556032,1.79145681598274,-0.242578414681004,-0.242169596983553,-1.43326769158832,-1.06318974031137,1.06318974031137,-3.40710848637605,1.38296550961277,2.02414297676328,0.350925174467615,-0.350925174467615,-1.28622128888787,0.271583593887853,0.248315021937036,0.766322673062978,2.20832763668739,3.0213222349318,-0.698609175852003,-4.53104069576719,2.70467974036313
-2.12553081476748,1.4655180610419,0.660012753725584,0.429136546969287,-0.272894774462282,-0.156241772507005,0.113349723596175,0.224973710145003,0.204853448838371,-0.935127304807186,1.10532058604368,-0.713370163816047,0.203073124836535,-0.203073124836535,-1.14915552427317,0.968261574650111,0.180893949623055,-0.240903302578623,0.240903302578623,-0.680367686882697,-0.101242516424369,0.80128906059935,-0.0196788572922845,1.15550551500502,0.126983953327204,-0.408380617632151,-0.874108850700076,1.57915111768708
-3.86986302989597,0.679357004839237,3.19050602505673,0.533699577162113,-1.50550912579245,0.97180954863034,-1.33951546760588,-0.227680766003964,-0.343779203503617,1.35904731709422,0.764846442631894,-0.212918322612656,-0.0476867653503154,0.0476867653503154,-2.01350732398852,-0.413269207973578,2.42677653196209,-1.31859221951521,1.31859221951521,-0.688605076614882,1.09063374451605,-0.639648432717715,0.237619764816548,-1.0627108169821,0.675121586526356,-0.124800354968198,0.512389585423946,-0.692560042149816
0.797749300892554,0.514171763641093,-1.31192106453365,0.703898076889024,0.512458636404255,-1.21635671329328,0.286411471876071,1.83383520223503,1.19211299876506,-1.5776117452794,-0.321584113296167,-1.41316381430059,0.130841336133219,-0.130841336133219,0.413174512970991,-0.368212392506045,-0.0449621204649457,0.960417156559992,-0.960417156559992,-0.453567364053415,-0.602512867635943,0.264156781642753,0.791923450046605,3.31555038497612,0.684141366350594,-0.488387975706532,-3.51130377562019,2.59095507252978
-3.23222432934021,2.15695984196069,1.07526448737951,0.998166968628658,-0.811628857138777,-0.186538111489881,-0.49175723178127,0.510599707450868,-0.408511704102613,0.0818536707238798,-0.332066382958499,0.639881940667633,0.550259538478534,-0.550259538478534,-2.82492832910937,0.570963953730598,2.25396437537877,-1.03794924782795,1.03794924782795,-0.78592752811257,-0.336444959442086,0.396054553754013,0.726317933800643,0.19245170531173,1.78788848135671,-0.304322937476923,-1.67601724919152,-0.338894268004315
-0.644707310611718,2.36412663518592,-1.7194193245742,-1.21444963313257,0.113793336705313,1.10065629642726,-1.16733209105048,1.89315238581652,0.82158140661666,-1.34860035214169,0.797104477028942,-0.995905826269954,-0.0617212879408653,0.0617212879408653,-1.34974423292898,0.861900206438636,0.487844026490345,0.776558650295769,-0.776558650295769,-0.319294558287989,-0.029671927084957,0.276852411942306,0.0721140734306403,2.684544577011,1.24202058482992,-0.535906056949928,-3.39065910489099,0.980013130701905
-2.94215408369125,-0.389620433875362,3.33177451756661,0.346661090649687,-1.06635185818035,0.719690767530666,-0.343783706846804,0.743152282677726,0.989445869514139,-0.909688966748306,0.970862000017535,-1.44998747861429,-0.475542687236313,0.475542687236313,-1.1811060554367,1.13335855319826,0.0477475022384324,0.314231824586319,-0.314231824586319,-0.955904554765097,0.453478662195222,0.779638749019971,-0.277212856450095,-0.332910857995663,-0.280313910596487,0.226134044130238,0.387090724461912,-0.0544321138242183
1.66165095642642,-0.825079936702766,-0.836571019723653,2.14287483191925,-1.04747009654797,-1.09540473537129,1.92432926723866,1.20861069635627,0.333268833432183,-1.33619285957541,-0.0281839239923186,-2.10183201345939,0.390305291177944,-0.390305291177944,0.659976818467168,-0.664629488887053,0.00465267041988482,0.805654315332797,-0.805654315332797,0.1466174483113,0.0628948304709255,-0.0484728175298657,-0.16103946125236,3.60713218706997,0.55941616080742,-0.682814078567835,-3.48373426930956,3.71133606833396
-0.0281454594269372,0.667195014609875,-0.639049555182937,1.4766035899558,-0.480500575190799,-0.996103014765002,1.74805260823619,0.966538803191304,0.623992351490359,-0.910411889375678,-0.320710510646265,-2.10746136289591,-0.0297979821921792,0.0297979821921792,0.413037640376077,-0.665825803702696,0.252788163326619,0.641833456398472,-0.641833456398472,0.562645008623436,-0.972190835304484,0.295285271456284,0.114260555224764,3.19301180899043,0.3484737512042,-0.468960992769321,-3.07252456742531,5.89155839172207
-1.2960733139626,1.99930738309801,-0.703234069135408,-1.51247969801095,0.043208883441121,1.46927081456983,-0.765733552910635,0.990169151375847,1.3247010772178,-0.109513203454588,0.120262086116413,-1.55988555834483,-0.424563449891074,0.424563449891074,-1.26688606703241,0.00586158234948836,1.26102448468292,0.4508725779119,-0.4508725779119,-0.59016981087585,-0.141783143295301,0.391033258494755,0.340919695676396,1.0499343924167,1.58729629500199,-0.0343172572476689,-2.60291343017102,5.96855313786913
-2.07013675067537,1.60533203497311,0.46480471570226,0.217699400171698,-0.564490295556163,0.346790895384464,0.699951756934482,0.141258122165387,1.78194716002459,-0.77212591122034,0.381081756452699,-2.23211288435682,-0.596566980846668,0.596566980846668,-1.13175569112038,0.883555262314791,0.248200428805589,1.17142006880973,-1.17142006880973,-0.882835764262234,0.857951446885921,0.568096968085013,-0.543212650708701,2.40762062083423,1.83682648875269,-0.559636883820339,-3.68481022576658,5.69808990720653
0.683033988631922,0.770450250740477,-1.4534842393724,-1.29755004771134,0.212702348831816,1.08484769887952,-0.245390909622345,0.0766299127395339,1.12329589727142,-1.4827991430186,1.35286214799732,-0.824597905367329,-0.0963227364548237,0.0963227364548237,0.233852433377801,-0.000617841474874352,-0.233234591902927,0.582674227265711,-0.582674227265711,-1.06501473577647,-0.0826961295574954,1.40650977258602,-0.258798907252054,2.7618169182492,0.771292338563648,-0.342873399088744,-3.19023585772411,2.48895194018109
-2.84617065318978,1.17400427050137,1.67216638268841,-0.979820135476523,-0.967913883001463,1.94773401847799,-1.95493281054794,-0.836443223801256,0.899326523570616,1.09697079997423,0.909541223952756,-0.114462513148408,0.593657448701136,-0.593657448701136,-0.420180038397624,-0.0987021115789251,0.518882149976549,0.296204099279467,-0.296204099279467,-0.891102470189446,-0.472054824569401,0.359401760551533,1.00375553420731,-1.21892682017812,0.976124579996259,0.70420798510825,-0.461405744926385,-1.34759611369839
-2.76725700911037,0.697911521489612,2.06934548762076,-0.545950121556376,-0.605633318837903,1.15158344039428,-1.04056928137232,0.604590512635357,0.804524054417137,-0.317406980817882,0.668778658298945,-0.71991696316124,-2.11467178171379,2.11467178171379,-1.95735113388862,-0.0563988897749505,2.01375002366357,0.0694153648147091,-0.0694153648147091,-1.07847129283274,0.0505732723814338,-0.221918460694122,1.24981648114543,0.691247873735256,0.930226813500509,-0.486178361634,-1.13529632560177,2.72199353088433
-1.07137532492405,0.88904540159985,0.182329923324196,-1.73538528858576,2.02769286884665,-0.292307580260896,-0.220440181856091,0.0458500913574243,-0.335249745177902,-1.64222031529047,2.3082678139568,-0.156207662989763,0.07995943979612,-0.07995943979612,-0.143320573509342,-0.378559095557989,0.521879669067331,1.07895675983203,-1.07895675983203,-0.532710834670281,-0.579901068417256,0.317462371335475,0.795149531752062,1.75043594225644,1.56434830015961,-0.490584434582907,-2.82419980783315,-0.760904837233832
-2.87796212135326,0.189390277946144,2.68857184340711,0.0883336616274652,-0.774482764165668,0.686149102538203,-0.29559010562582,-0.0227213566326274,0.689517469913475,-0.533644545378061,1.74936961937112,-1.58693108164808,-0.804523631640272,0.804523631640272,-1.85436544522469,0.376308387366221,1.47805705785847,-0.336864626540626,0.336864626540626,-0.740505921088752,0.972602961610498,-0.17947259450025,-0.0526244460214965,0.360983653795775,1.98280746888271,-0.0191011436777529,-2.32468997900073,3.9527814515843
-2.33069512549326,1.78186023596281,0.54883488953045,-0.949167387813615,-0.277470598092278,1.22663798590589,-1.7048909714452,0.349570250313289,1.27945955878178,-0.381858385684363,1.36319964942159,-0.9054801013871,-1.19463757375525,1.19463757375525,-0.129208547161109,0.29302781577228,-0.163819268611171,0.21301909840193,-0.21301909840193,-1.19324665396589,0.24608744261306,0.454317689735644,0.492841521617185,2.03205624493367,1.12405375814922,-0.435956467963408,-2.72015353511948,2.48472516040471
-1.45065979540182,0.658142946732436,0.792516848669384,0.160776036289842,-0.0709960143383992,-0.0897800219514428,0.324983465471038,0.874191504858139,1.37565716644725,-0.554842917367641,0.24102347606786,-2.26101269547665,-0.192693690821771,0.192693690821771,-1.73066054969076,-0.430853289881845,2.16151383957261,-0.0443156784274558,0.0443156784274558,-0.868000110918288,0.0414981692573498,0.143682722412829,0.682819219248109,3.02203268939952,0.853587208104624,-0.296966890165935,-3.57865300733821,8.18736371043331
-2.27140366539311,2.31866891641877,-0.0472652510256624,0.442809246768784,-0.273711585696655,-0.169097661072129,-0.151958241463014,0.558999015178802,1.8272564647085,-1.13630901882683,0.427828611628377,-1.52581683122583,-0.647709739468267,0.647709739468267,-1.41892788686875,1.13277152014482,0.28615636672393,1.07834413217599,-1.07834413217599,-1.58698571510417,-0.229216940542104,1.52629615400491,0.289906501641363,4.26637047982837,1.79445072607403,-1.26347705018544,-4.79734415571696,2.52485366881004
-3.77166225008657,0.191672377139304,3.57998987294727,1.24787660689076,-1.7747803996196,0.526903792728839,-0.326312391261423,0.290865354636975,0.81175970356257,0.668654444807472,0.300496092967515,-1.74546320471311,0.321926874332892,-0.321926874332892,-2.53830754289739,-0.533347005507872,3.07165454840526,-0.278071728395937,0.278071728395937,-1.00241643356289,1.04400943722988,-0.366764109443028,0.325171105776037,0.736752115293879,0.913713400334125,0.043230993066565,-1.69369650869457,1.51926437909623
0.301095228903827,0.867271553649685,-1.16836678255351,-0.959396963523199,0.956475168426212,0.0029217950969872,1.00115357576686,0.362233096443186,1.49324372690623,-1.14594169999748,0.379451106439309,-2.0901398055581,-0.189356858443004,0.189356858443004,-0.722025207872626,0.120725622011341,0.601299585861285,0.807182337634885,-0.807182337634885,-1.27756270652402,-0.0976219369845597,1.38627549885623,-0.011090855347643,4.00349419798703,0.665654522653143,-0.684431503331067,-3.9847172173091,6.80448450059986
-2.58553163227987,1.45299383287572,1.13253779940415,0.511518707274383,-0.79499201280355,0.283473305529167,0.256671387596259,0.777045927928644,1.10314387514529,-0.456784171557627,0.268378325004006,-1.94845534411658,-0.474915288134011,0.474915288134011,-3.65210071509538,0.4356507884195,3.21644992667588,0.534627027160629,-0.534627027160629,-1.30027020657477,-0.417987279165231,0.945970978240158,0.772286507499845,2.73919101228551,2.81015506789969,-0.78555894885678,-4.76378713132843,3.94351231559817
-2.83471339474455,1.10186207923133,1.73285131551323,0.506522922056688,-0.839019891173398,0.33249696911671,-0.0521626667305329,0.109485334133369,0.922699989345798,-0.236477120478417,1.17655860125663,-1.92010413752685,0.00709484439368962,-0.00709484439368962,-0.867336066045091,-1.35441990840173,2.22175597444682,-0.141136985228236,0.141136985228236,-0.724356024505541,0.520445015676768,0.0841376965807281,0.119773312248044,0.750238367176528,-0.634620758038822,1.19642005027455,-1.31203765941226,3.01876763940175
-2.21986987735415,1.90696731078569,0.312902566568459,-0.565917636770293,-0.464707376403718,1.03062501317401,-0.467491564472083,0.0825239867287642,0.635497575182832,-0.16493577543581,0.743472745596729,-0.829066967600432,0.53304101631182,-0.53304101631182,-1.76463188765247,0.909229585318367,0.855402302334105,0.0667372066386566,-0.0667372066386566,-0.795337542324427,-0.678079395978477,1.03932897696308,0.434087961339828,-0.000764112286351139,1.75716370526213,-0.231712060352233,-1.52468753262354,1.40295622400524
-2.80297052799097,0.661899141438786,2.14107138655218,0.0333848459301433,-1.01214379521517,0.978758949285031,-0.964141458920247,0.564114696493072,0.341159772627877,0.322292255618728,0.311341694710445,-0.574766960529875,1.05044405027504,-1.05044405027504,-1.77971792556439,0.725103840580117,1.05461408498428,-0.199713167428026,0.199713167428026,-0.702222578682399,-0.304418309512317,0.292713922439082,0.713926965755634,-0.710552718708975,-0.977088115079577,2.10843164588051,-0.420790812091954,-0.677814132109319
-2.17614275114555,0.702386375029088,1.47375637611646,-0.133487022661295,-0.281918193193659,0.415405215854954,0.0151872629209954,-0.324343128195089,1.03844664538474,-0.68651031636615,1.0321371144874,-1.07491757823189,0.03054118537005,-0.03054118537005,-2.51088447498198,1.49939031575249,1.0114941592295,-0.154238349484857,0.154238349484857,-1.26468618879386,-0.3252740556359,1.08839587622611,0.501564368203647,2.75006124728509,2.30503507476492,-1.02998970644293,-4.02510661560708,4.13979091387813
-1.94672773873206,0.590591223329901,1.35613651540216,0.496632833380169,-0.668893763001835,0.172260929621666,0.250350594375245,0.188701483639542,1.9296626785269,-1.35286196500546,0.981932905320988,-1.99778569685722,-1.07807049469068,1.07807049469068,-1.50464657131903,0.740219587174727,0.764426984144306,1.06582282652705,-1.06582282652705,-1.87889667279195,1.0706433417208,0.750183822093085,0.0580695089780661,5.45911875383801,1.48157166133434,-1.67790555612441,-5.26278485904794,2.93357058291818
-1.77166044509461,1.22339979943715,0.548260645657463,0.066133766651463,-0.149158076192027,0.0830243095405643,-0.41453978113936,1.06835556952816,1.19489702885893,-0.361404663995063,0.0516127367325623,-1.53892088998523,0.257718943564318,-0.257718943564318,-2.53207923347862,0.97660766175749,1.55547157172113,0.492576686015885,-0.492576686015885,-0.763683208764343,-0.35503871435212,0.503366441982931,0.615355481133531,1.02587076291565,1.30324577053077,0.663360118938448,-2.99247665238486,4.94184625906892
-1.4236526208631,0.166485284460593,1.25716733640251,-0.350494729718451,-0.813462526777514,1.16395725649597,0.366596131098878,0.875405107383074,1.34130646715514,-0.674679887672019,0.231525699964058,-2.14015351792913,0.547540121791708,-0.547540121791708,-1.96601149104889,0.0664760881273432,1.89953540292155,0.919029916510858,-0.919029916510858,-1.19099339588317,0.528451094873918,0.0504060537581009,0.612136247251152,3.43294489233879,1.95711407798077,-0.827865049686503,-4.56219392063306,5.04065451963654
-3.11332652514752,1.26091561018672,1.8524109149608,1.66995601713341,-1.40128076028409,-0.268675256849319,0.885304368097667,0.611014034704821,1.50841492248462,-0.845702350742516,-0.315498995226215,-1.84353197931838,-1.08145988685339,1.08145988685339,-2.92270817143651,1.5647288492961,1.35797932214041,0.101257371547719,-0.101257371547719,-1.54107834294948,0.867934375935147,0.527785333891942,0.14535863312239,3.90099186459471,2.24067179707544,-1.08263998142868,-5.05902368024147,2.97950254299669
1.13332340825578,-0.0807237825644365,-1.05259962569135,1.18876790480373,-0.516481767133326,-0.6722861376704,1.34488047828161,1.02584800998012,0.264240941102766,-0.740825350383284,0.214416174608955,-2.10856025359017,0.0183312568743209,-0.0183312568743209,-0.0218209677809201,-0.695451177198395,0.717272144979316,0.378697154494294,-0.378697154494294,1.23281825828139,-0.594093353253944,-0.227537435933823,-0.411187469093621,2.14453382440758,0.170639508894128,-0.094383159613842,-2.22079017368786,6.39665404192459
-3.4796324902428,1.00172589439053,2.47790659585228,0.843913921080415,-1.43990964270624,0.595995721625821,-0.517184756162427,-0.621795051357016,-0.264109559196079,1.24607319119341,0.0547940771091025,0.102222098413013,-0.183970568513546,0.183970568513546,-1.89519150874861,0.895979369295785,0.999212139452821,-1.67696031851045,1.67696031851045,-1.12495154933419,0.428778091784676,0.0120504468590576,0.684123010690458,0.10962379965639,1.17872016282132,-0.639824328501845,-0.648519633975861,-1.11941776454044
-2.39289779287059,0.760789634847663,1.63210815802293,0.689133154578856,-0.913451290986944,0.224318136408088,0.244765738094009,0.60640652305574,0.939430602367449,-0.076999327351701,0.469568301286111,-2.18317183745161,0.0494822964619466,-0.0494822964619466,-2.1015064166686,-1.35087222152592,3.45237863819452,-0.132397273830179,0.132397273830179,-0.471798333531349,-0.0798392041148271,0.138134256975801,0.413503280670376,-0.0223386209233696,-0.234931492389427,1.60937462281011,-1.35210450949731,4.62444495753053
-3.21526298832994,0.101326157076764,3.11393683125318,-0.39079614172768,-0.980409933651366,1.37120607537905,-2.01302194001356,-1.24906896866807,0.0724511031716097,0.791089611338595,1.13016757480972,1.2683826193617,-1.45354530004501,1.45354530004501,-1.7324160779449,1.19770651260362,0.534709565341275,-0.292677361482524,0.292677361482524,-1.18252533860744,0.250175275610786,-0.104831802257095,1.03718186525374,-0.810667001866377,0.744889997422876,1.04513240389195,-0.979355399448454,-1.8098325025772
-2.81412778782762,0.700382755002073,2.11374503282555,0.0716747352720894,-0.292306122896535,0.220631387624446,-1.9953274010322,-1.03622200523185,-0.33862689367276,-0.608455558710751,2.24465026212325,1.73398159652431,0.232592965298362,-0.232592965298362,-0.598213075735116,0.0530505601477355,0.545162515587381,0.109667420146072,-0.109667420146072,-0.719541388922458,-0.116708654242039,-0.0897592736663455,0.926009316830843,-1.4191055635702,0.00700374430050317,1.21032952606933,0.201772293200361,-2.00026644342169
-2.84393784699188,1.14190683238007,1.7020310146118,-0.662085442738821,-0.883346291745013,1.54543173448383,-1.15552459764822,-0.280754551610698,0.00783695457828256,1.07491193219515,0.356398096667749,-0.00286783418225611,-1.69490703893603,1.69490703893603,-2.41700875491397,0.035295246660621,2.38171350825335,0.57449538982265,-0.57449538982265,-0.689731025929345,0.900682827494088,-0.712556640248861,0.501604838684118,-0.189714737934058,1.78714082082333,-0.0779203806478583,-1.51950570224141,1.89357275999304
-0.514079722609654,0.7126088743693,-0.198529151759646,0.810198597227907,-0.644281484558263,-0.165917112669643,0.382159013207733,0.117237594562588,0.813191733936958,-1.00163408292166,0.952906984150758,-1.26386124293638,-0.476713844881781,0.476713844881781,0.213000796910455,0.352572649726501,-0.565573446636956,0.897950293949542,-0.897950293949542,-0.776137763866074,-0.401973437413196,1.32585980003224,-0.147748598752971,2.1546183655312,0.446881195731318,0.189026215546555,-2.79052577680907,2.74507503305514
-1.95610039386254,2.06088961198827,-0.104789218125729,0.928441390189253,-0.472912838243349,-0.455528551945905,0.633369434973164,0.874513445791385,1.3378627678666,-0.210891262188499,-0.0876715348770179,-2.54718285156563,-0.0550952900599961,0.0550952900599961,0.192977099698454,-0.985096184057143,0.792119084358688,0.353226261922118,-0.353226261922118,-0.619232395720102,0.619551084819327,-0.366559046725005,0.36624035762578,3.04296414647365,0.405405055513481,-0.553635542738401,-2.89473365924873,7.65581791632189
-0.241864082620774,0.629031007791044,-0.38716692517027,-0.706501384184931,1.73910906137158,-1.03260767718665,-0.638148431339887,0.785421060404765,0.243100824647204,-0.835534736449117,1.22742053751602,-0.782259254778989,-0.831568458493103,0.831568458493103,-1.15199776028118,0.460512117902345,0.691485642378832,0.449818780820617,-0.449818780820617,-0.791433229072575,0.110508362486941,0.44837569886224,0.232549167723394,0.936627716105188,1.10399653381541,0.253814547067525,-2.29443879698812,3.20690651414662
-1.21555930514787,1.05156393733844,0.163995367809425,-0.750319564465537,0.0377886011151038,0.712530963350434,-0.691476402199933,0.186951530602786,0.199186278659609,1.65334196233531,0.122538830038878,-1.47054219943665,-0.895660527959819,0.895660527959819,-1.25609094157731,-0.300758678473731,1.55684962005104,0.386634069690572,-0.386634069690572,-0.229727046777734,-0.2636772822178,0.3992139268436,0.094190402151934,0.134851199939729,-0.110062720873088,0.0875239514962685,-0.11231243056291,6.0208482865206
-2.30400068727834,1.05455575854761,1.24944492873072,2.19419382191459,-1.36904318119119,-0.825150640723405,1.0842225366814,0.733585115478494,1.33433904262765,-0.806788652326505,0.142080486958592,-2.48743852941963,-0.364378961402815,0.364378961402815,-0.426122157683863,-1.16926798634516,1.59539014402903,0.230651722359428,-0.230651722359428,-1.87311869052859,0.694781340527193,0.995023357195746,0.183313992805655,3.88128298959446,1.07844553973334,-0.622353385472632,-4.33737514385517,2.62007279865807
-2.06702115511449,-0.0362699875186818,2.10329114263318,-0.992059327583137,0.107626582276261,0.884432745306877,-1.83824379847036,-0.201419330022457,0.437397981624038,-0.984059596216165,0.468576856489417,2.11774788659553,0.0616411121605484,-0.0616411121605484,-1.50854400401115,0.573088038850359,0.935455965160793,0.098906596093928,-0.098906596093928,-0.47812559884799,-0.364527145148025,0.331755901663167,0.510896842332848,-1.14303153183394,0.210408670761499,0.912755556731194,0.0198673043412453,1.90152816540049
-2.51328395668879,1.94228607151186,0.570997885176928,-0.173651326592441,-0.313133141408714,0.486784468001155,-0.478877728936888,0.448391106550891,-0.469870040797808,-0.829537814122412,0.336926250586726,0.99296822671949,-0.0473484077770966,0.0473484077770966,0.349217534611894,-0.962152464283628,0.612934929671734,-0.698580641154642,0.698580641154642,-0.723308800439408,-0.503974088806883,0.286445719813318,0.940837169432972,-0.0471276200668758,-1.31467713981723,0.196461928989853,1.16534283089425,-2.235428090503
-0.937048008909082,-0.167156936674054,1.10420494558314,0.42536464871662,-1.33128269295225,0.905918044235631,-0.619440444991861,0.336252849581393,2.32517992165625,-0.878486887448082,0.65632761669392,-1.81983305549162,-0.332930884588569,0.332930884588569,-0.894451861936486,-0.848800446877259,1.74325230881374,0.535735727499518,-0.535735727499518,-1.26244925207322,0.0526463550731459,0.602886404020633,0.606916492979438,3.86852317254676,1.93410218221579,-0.827613768930377,-4.97501158583217,1.76909699157353
-2.64847902620937,1.91763222306411,0.730846803145262,0.448475993225284,-0.4653046129667,0.0168286197414158,-0.0814449723451583,0.805198605276104,1.55743724701494,-0.215688610638949,-0.393563169710699,-1.67193909959624,0.479569434643123,-0.479569434643123,0.221128127249828,-0.124439016741578,-0.0966891105082506,0.724181866163,-0.724181866163,-0.575278207169527,0.239494787240599,-0.470689273931907,0.806472693860836,1.14821015995929,-0.56481151666785,-0.102736876903593,-0.480661766387843,4.58786144070961
-1.7463561637756,1.1494544188265,0.596901744949104,0.160229035314066,-0.15786909669113,-0.00235993862293513,0.631765510513296,-0.554232663457318,0.00304562204552656,0.0808777767693054,0.872607349310894,-1.0340635951817,0.222733370380969,-0.222733370380969,-0.383988374798522,0.351089882080285,0.0328984927182377,-0.636361803589287,0.636361803589287,-0.35409154493481,-0.193566910531612,0.368468038130888,0.179190417335534,-0.278091954576066,-0.286038584474487,0.610152214403905,-0.0460216753533518,3.23961192498083
-2.3445333018638,2.00812722239564,0.336406079468154,0.800213010126866,-0.307079248136916,-0.49313376198995,0.117188135966594,0.543695210334473,0.667525641628915,-0.820384688043494,1.34781154552545,-1.85583584541194,0.187229620062048,-0.187229620062048,-1.41797184995809,0.0171741326201951,1.40079771733789,0.962303061609219,-0.962303061609219,-1.04983094081529,-0.0510931865049773,0.470160918314526,0.63076320900574,2.85594822629822,1.57008126882563,-0.68512731764365,-3.74090217748021,3.99032523146397
-3.31240647375522,0.387261128462447,2.92514534529278,1.03054360396814,-1.06884999988554,0.0383063959174044,-1.20324225202443,0.692210858319541,0.493603331961642,-0.344288355611574,0.602820554325658,-0.241104136970835,0.820828420137865,-0.820828420137865,-1.56451192716298,-0.115874424709748,1.68038635187273,-0.964451921555954,0.964451921555954,-0.71726786926543,0.386368139624506,0.364166834385557,-0.0332671047446328,-0.349240174554461,-0.470262643940814,0.689299587051026,0.130203231444249,-0.247710377640213
-1.13102842128532,1.19504795588802,-0.0640195346026922,-0.253840546629779,0.00644928961454454,0.247391257015234,-0.0805196501449474,0.573616095908092,1.11446982569851,-0.218438649094102,0.622689709537128,-2.01181733190468,-0.612631550105599,0.612631550105599,-1.21987327351837,-0.23706015177749,1.45693342529586,0.273064248193486,-0.273064248193486,-0.483202407040765,0.00743435613668878,0.175303811622563,0.300464239281514,2.05918217286557,0.888102815974414,-0.139512875201218,-2.80777211363877,8.56418187445944
-3.09713200462237,0.630506214172094,2.46662579045028,0.0727427800288779,-1.03909992744798,0.966357147419098,-1.0103176730126,-0.415915368540761,-0.614230450150049,0.920021616093927,0.417324948021272,0.70311692758821,-0.523292109552154,0.523292109552154,-1.25189714328373,0.717634835751617,0.534262307532108,-1.59905037517749,1.59905037517749,-0.631622274489822,0.462511546573941,0.699396483016508,-0.530285755100626,-1.9870566322966,0.119033712591688,0.712205771802735,1.15581714790217,-2.13278220552019
-1.58176823507798,2.3130287081143,-0.731260473036316,0.0434255603498797,-0.25756550117212,0.21413994082224,0.00887280443766707,0.198888906587089,0.528037047107532,0.120914483576744,0.735173069771918,-1.59188631148095,-0.124268956071399,0.124268956071399,-0.466514449690294,-0.233985047261261,0.700499496951555,0.200433225177863,-0.200433225177863,-0.446858233108318,0.301287878413506,-0.00221924448047702,0.14778959917529,0.532205400315205,1.35913564868308,0.153739978947881,-2.04508102794616,5.14112597396093
0.0971037644034795,0.995245389032971,-1.09234915343645,0.741365268256104,0.779776083057733,-1.52114135131384,0.829041272989447,1.61314110084707,0.783127093376679,-1.39189320605972,0.111161615049169,-1.94457787620264,0.162755754207584,-0.162755754207584,1.0112402689456,-1.06764759059071,0.0564073216451157,0.592124439765069,-0.592124439765069,-0.602760546499585,-0.0619040323713983,0.979232050119797,-0.314567471248813,3.17215313685362,0.414250756413711,-0.610614705791397,-2.97578918747593,4.84578097780536
-2.37111886758505,1.80937491076918,0.561743956815865,0.470363228336427,-0.650213799288386,0.179850570951959,0.755940722233197,-0.554572563525328,0.329193454679655,-0.385682068696326,1.19434417098787,-1.33922371567906,-0.512499464781784,0.512499464781784,-2.10251089619077,0.476143807325806,1.62636708886497,0.1149577210049,-0.1149577210049,-1.05019743124987,-0.830930562647808,1.41942545358655,0.46170254031113,1.82389032817625,1.80183111837291,-0.4241760122745,-3.20154543427465,2.56002025692582
-1.19667697764592,0.235493496088756,0.961183481557164,0.349723290888911,-1.21916646545274,0.869443174563825,1.11889628509056,0.376574991483466,0.241429520217428,-1.0283422853341,0.680019602624895,-1.38857811408225,-0.509167117704689,0.509167117704689,-1.48510812855021,0.572817139319598,0.91229098923061,0.973139908599693,-0.973139908599693,-0.115774910614902,-0.401580654880079,0.371363480932902,0.145992084562078,2.39736399953258,1.52581510042456,-0.29873316805996,-3.62444593189718,0.79634360335925
-0.624759157959946,1.53506217903841,-0.910303021078465,-0.634816157470612,0.886964529750245,-0.252148372279633,-0.811133325765943,0.678352970293969,1.83639510405207,-1.00047525989773,0.998924394385843,-1.70206388306821,-0.165086434125134,0.165086434125134,-0.115567784759457,-0.161873743396381,0.277441528155838,0.597264838504108,-0.597264838504108,-0.62655475715302,0.430833149357758,-0.16753417319287,0.363255780988132,3.76279369043658,0.133169380739318,-0.520758959687009,-3.37520411148889,5.32575366973777
-3.10040203266797,0.0615687472857718,3.0388332853822,0.472052491487548,-1.31188527209436,0.839832780606811,-0.769237929582052,0.00120810112931469,0.0247501365004874,1.33430634930155,0.155823687149397,-0.746850344498696,-0.908415671471543,0.908415671471543,-1.38688726237328,0.268355725100985,1.1185315372723,0.491966991316514,-0.491966991316514,-0.81371551138052,-0.403543976709783,-0.217463850396643,1.43472333848695,-0.177367174180925,-1.19689015680698,0.184446197849988,1.18981113313792,-0.521139697736614
-1.36073581770036,1.54972308311373,-0.188987265413374,-0.21148362377732,0.190633277403835,0.0208503463734845,-0.13405418597615,0.327822649944661,0.654528455253552,-0.364740565367566,1.30566410681343,-1.78922046066793,-0.305601649882875,0.305601649882875,-1.44157762649961,0.291252338048788,1.15032528845082,0.240030971800638,-0.240030971800638,-0.512596634035699,0.521717365113139,0.0858944702100243,-0.0950152012874643,2.29162427907843,0.558593282771818,-0.224058833092494,-2.62615872875775,7.44573081408096
-2.66171374162939,2.37070715009343,0.291006591535961,0.405910539792836,-0.876967308093433,0.471056768300597,-0.0836367973057917,1.01514839021675,0.691130755376704,-0.642511731111191,0.70578733571391,-1.68591795289039,-0.58627622183397,0.58627622183397,-1.64315374675805,-0.248797982197426,1.89195172895548,0.705050543698308,-0.705050543698308,-1.53920378396381,0.180268356077012,0.499985975870038,0.858949452016763,3.36859618693315,1.70616162810775,-1.05290909105655,-4.02184872398436,1.91578761922353
-2.62796190844275,2.38385172466199,0.244110183780759,-1.35113481289972,-0.488085457786258,1.83922027068598,-1.33105328322715,0.703816106638768,0.620288294974651,-0.454131245525856,0.852729116280695,-0.391648989141112,0.446984065860162,-0.446984065860162,-2.31629671926997,0.357797043513018,1.95849967575695,-0.729990740652107,0.729990740652107,-0.896361823021531,-0.134413502088386,0.251002796287047,0.779772528822871,0.477271680111549,1.47087337767947,0.0284194386847666,-1.97656449647578,-0.731898483992118
-1.34889341389496,1.23889010574882,0.110003308146145,-0.0127136389200197,-0.934801364209008,0.947515003129028,-0.680971293398923,-0.971803608254571,0.475189966319254,1.63104544463633,0.398311947287117,-0.851772456589206,0.499898230003032,-0.499898230003032,-0.0810916602750672,-0.716930925641329,0.798022585916396,0.466920421076294,-0.466920421076294,0.726579978529435,-0.662045023713292,-0.432824793760162,0.368289838944019,-1.33225957741591,0.313067718421347,0.357588777810637,0.661603081183929,-1.6184045735131
0.0762013742795616,0.583733109925659,-0.659934484205221,-0.329429954797498,0.892653058006721,-0.563223103209223,0.6510660090821,-0.057858832803957,-0.875971184595108,-1.43099048384583,0.342221993639892,1.3715324985229,0.0566846940061067,-0.0566846940061067,-0.795742586916918,1.67305151853281,-0.877308931615893,-0.514409460708945,0.514409460708945,0.345796902559411,0.097445875844329,0.51963862768435,-0.96288140608809,-0.751705123144929,-0.300854620996768,0.614558977731813,0.438000766409884,-2.9046822795596
-2.91661359688465,2.40506196845578,0.511551628428879,0.329916721916531,-0.578177816064786,0.248261094148255,-1.31614895121812,0.404522072542844,-0.110747741949254,0.531420728175191,0.354467605597547,0.136486286851791,-0.951810327369175,0.951810327369175,-1.61114364455741,-0.019910092421847,1.63105373697925,-0.732489474537974,0.732489474537974,-0.36026948645918,-0.184043408042921,0.739720495986677,-0.195407601484575,-2.43947409136305,-0.0763669802305702,0.198030597285073,2.31781047430855,-1.79512977263159
-2.69013716217938,0.402037625355639,2.28809953682374,0.876389731163199,-0.381895797237473,-0.494493933925726,0.171158686039844,1.25291893139249,0.715081511902699,-0.83406711749037,0.89768098458742,-2.20277299643209,0.38607629308578,-0.38607629308578,-2.12583121866711,-0.703999461210112,2.82983067987722,0.166916959562116,-0.166916959562116,-0.474862421149438,0.667367866800379,-0.246603969117515,0.0540985234665746,1.28953013051936,-0.146526679008324,0.893566604686102,-2.03657005619714,6.01316681001307
-1.57500089691699,2.035665572562,-0.460664675645002,0.59979316817589,-0.329933337843289,-0.269859830332601,0.705463575971014,0.934174471281573,1.65565758591286,-0.956702320499529,-0.336196306757003,-2.00239700590891,-0.260552455545959,0.260552455545959,-2.14153813862796,1.22181043541267,0.919727703215292,0.75421062391875,-0.75421062391875,-1.23725986211447,-0.481945048643518,0.408074855700486,1.3111300550575,4.02400094592246,1.30829882673215,-0.796963251345267,-4.53533652130935,5.48982483458952
-3.23534375291506,0.0267072336530765,3.20863651926199,-0.976383102400224,-0.892245134039062,1.86862823643929,-1.76212773465275,-0.89856459715011,-0.134879350539003,0.710770800369685,1.84962738912003,0.235173492852149,-0.657878198706178,0.657878198706178,-1.37350120713701,0.194714794949744,1.17878641218727,0.243490523261369,-0.243490523261369,-0.688156895457503,0.210370570956395,-0.13128641716423,0.609072741665337,-1.94585572092198,-0.368047878227971,1.015529836385,1.29837376276496,-1.68950145130519
-3.28676652413756,-0.0725368496412132,3.35930337377877,0.822349171543962,-1.27693156537706,0.454582393833094,0.290859404547884,-0.4682885550737,0.73751546998185,-0.281285604556337,1.42567478837168,-1.70447550327138,0.199117524925956,-0.199117524925956,-2.49250622473056,0.591338011408676,1.90116821332188,0.203305545510497,-0.203305545510497,-1.23450324961523,0.303473816854643,-0.333792667351998,1.26482210011259,1.27050798632132,1.21115177287648,0.0167281029022704,-2.49838786210007,0.955185356105114
-2.72956667331439,2.03546445704852,0.694102216265873,-0.51538565559691,-0.318683597991834,0.834069253588744,-2.19537547183923,-0.291324358263906,-0.913451168280086,0.323283877724507,1.63908879522373,1.43777832543499,-1.52069863494946,1.52069863494946,-1.54292120081451,0.271807968249956,1.27111323256455,-0.464452400006568,0.464452400006568,-0.749084646263347,-0.39860293707808,0.272090296972216,0.87559728636921,-2.15146544797232,0.366664768316161,-0.189768965651852,1.97456964530801,-3.10396614180819
-2.62185719355248,2.31800875750272,0.303848436049766,0.183315882244357,-0.766387642929187,0.58307176068483,0.0054643165764741,-0.286635142080157,1.58936966356594,-0.781141580978544,0.977965082100336,-1.50502233918405,-0.806871418258544,0.806871418258544,-1.62829831646283,0.755179564515591,0.873118751947242,1.25607535008506,-1.25607535008506,-1.30694784973155,0.271189511724919,0.407360878282795,0.62839745972384,3.12745036312603,0.880067113015219,-0.183686071838289,-3.82383140430296,1.56257447450867
0.647328020906473,-0.0649611556038921,-0.582366865302581,-0.237181438275286,0.374640514255638,-0.137459075980352,0.588511309422318,1.4654795436601,1.23720997890442,-1.83749650272249,0.00856723148215248,-1.4622715607465,-0.370150535926595,0.370150535926595,-1.16815314942691,0.239141992085408,0.929011157341497,0.259037263621576,-0.259037263621576,-2.13501516954392,0.560556174962736,0.734729578995773,0.839729415585411,4.57920300327058,1.35185924014569,-1.28229328956394,-4.64876895385233,2.17941885755293
-2.38949226447928,1.94893584312911,0.440556421350173,0.446743646756752,-0.417742819616609,-0.0290008271401431,0.0104476592889175,0.959397650316744,1.37304944294701,-1.29215312928696,0.298951642131059,-1.34969326539676,-0.937024068426899,0.937024068426899,-1.23960463663084,1.24118414627331,-0.00157950964246756,0.614726911728653,-0.614726911728653,-1.72041263716157,-0.461487614305562,1.9160756030876,0.265824648379525,4.47936707527791,1.80334650503306,-1.44394423120907,-4.8387693491019,2.37311832522758
-3.10283184259642,0.825278642509851,2.27755320008657,-0.207494549229686,-0.94272893879283,1.15022348802252,-2.18195184794781,-0.195655730166147,-0.902486350353649,1.16326756073124,0.157798866330852,1.95902750140551,-0.54680177359898,0.54680177359898,-1.36359593685655,0.202891230534792,1.16070470632176,-1.10859995727219,1.10859995727219,-0.816813270884733,0.0386341668869714,0.140872162442788,0.637306941554973,-2.35426631577737,-0.486007137836531,1.28660038365111,1.5536730699628,-2.55924885425986
-0.723609181700061,-1.11247482702418,1.83608400872424,0.508603563460294,-0.927717405167734,0.41911384170744,0.408635416766298,-0.977167934982121,0.298843199159551,-0.941820112910816,0.311331715800831,0.900177716166257,-0.951570270723618,0.951570270723618,-0.444194087872736,1.79509343973837,-1.35089935186564,-0.1482005041657,0.1482005041657,-1.26425395916045,0.215367468935467,0.73944329151203,0.309443198712952,0.0200827857014644,1.54471057589533,-0.407995194272554,-1.15679816732424,-1.98384837598511
-2.91776870257193,1.99364520511969,0.924123497452235,0.492833899659977,-0.858451520371507,0.36561762071153,-0.467142917266061,0.377124948172341,1.31527824848026,-0.855747556556319,0.651365242598347,-1.02087796542857,-0.301250539368653,0.301250539368653,-3.36406755032731,1.50649925953615,1.85756829079116,0.754211962029633,-0.754211962029633,-1.17909654604108,0.226978075193139,-0.11216362881987,1.06428209966781,2.67080317925407,2.4534251243934,-1.08728390404645,-4.03694439960102,1.96330094671021
-2.74948696149184,1.19714602474306,1.55234093674877,0.0282542710519846,-1.21928119658481,1.19102692553282,-0.301574280913881,-0.0842250612100078,0.00695156812362999,1.01879038243998,0.612954163715724,-1.25289677215545,-0.63150536411046,0.63150536411046,-0.309095917537519,-0.0490510607066554,0.358146978244175,0.128926527890633,-0.128926527890633,-0.843408887650362,0.441222132695106,0.507229703884826,-0.105042948929571,0.155696684319389,0.143996253663006,0.543533364533807,-0.843226302516201,-0.703708940752407
-3.06018727390068,1.23370004375832,1.82648723014236,0.180047227585725,-0.517807992663411,0.337760765077686,-1.81587466642491,-0.984918113359968,-0.733217822686338,-0.446513017867227,1.47858853640449,2.50193508393395,0.125644329164182,-0.125644329164182,-0.823010119797871,-0.313082187563491,1.13609230736136,-1.17344105389434,1.17344105389434,-0.677577041799087,0.722122785733426,0.0240520624799174,-0.068597806414257,-0.76243886735642,0.760773607917958,-0.0547725394654392,0.0564377989039008,-2.51845229901446
-0.227144737416009,1.31414346701632,-1.08699872960031,-1.63501845120969,0.997815415817883,0.637203035391802,-0.945305265810979,0.913352366584129,1.26380547123982,-1.34955979147113,0.672393366809181,-0.55468614735102,-0.0317356455062268,0.0317356455062268,0.605058384634431,-0.251903858085407,-0.353154526549024,0.951227854776462,-0.951227854776462,0.216413124568269,-0.317218608921019,-0.576182370683702,0.676987855036452,3.11991845107372,0.196477857434129,-0.675527079618932,-2.64086922888891,0.663333586886395
-0.758370789109161,-0.420392888210697,1.17876367731986,-0.475645260091612,0.491186480354087,-0.0155412202624758,-0.366857064465359,0.000466426756742318,2.25651705108063,-1.87275178426521,1.16562525432564,-1.18299988343245,-0.613749072937317,0.613749072937317,-1.35454134653182,0.97816195356399,0.376379392967829,1.66535102646269,-1.66535102646269,-0.793437575896571,0.675133594654427,-0.254783060534547,0.373087041776691,3.77739807583938,1.43463460509562,-0.948752194138847,-4.26328048679614,1.68304826204294
-3.46794644192046,1.02068544963518,2.44726099228528,0.952094003953106,-1.41691845594669,0.464824451993584,0.362116043340727,-0.473590913008546,-0.651859770519079,1.04111476003448,1.00412772265439,-1.28190784250197,-1.28283108882195,1.28283108882195,-1.05824138732765,-0.377304251118453,1.4355456384461,-0.0525961857915934,0.0525961857915934,-0.720225664491309,0.111878861144261,-0.24623433401291,0.854581137359958,-1.27081533207732,1.25557551147844,-0.463281655194573,0.478521475793455,-0.797476539997186
-2.91373056314262,1.85357950625487,1.06015105688774,1.02463289982502,-0.961863706851501,-0.0627691929735203,-0.568342877680961,0.688842141288041,-0.231130577522426,-0.509355791322713,1.24375017495803,-0.623763069719972,-0.519573067075191,0.519573067075191,-1.65557977729691,0.016735895145996,1.63884388215092,0.00824569541926581,-0.00824569541926581,-1.20334822422282,-0.021135174904831,-0.117028408236606,1.34151180736426,0.982674175505815,2.13169133816446,-0.0487897099065623,-3.06557580376372,0.587906864951611
-3.07300330361284,1.30243469920293,1.77056860440991,1.63558668944683,-0.932781642428836,-0.702805047017994,0.101234354817176,1.13634497842864,1.06784485509583,-0.758745949719064,0.700033490051729,-2.24671172867431,-0.0230254640875459,0.0230254640875459,-0.799855597005101,-1.15179460341799,1.95165020042309,1.48628176709462,-1.48628176709462,-1.26036641414202,-0.114232429002623,0.997726774360233,0.376872068784408,2.79248385869868,0.570322557642528,-0.0660498313645377,-3.29675658497668,2.90984031279667
-1.10946958234411,-0.109356864103251,1.21882644644736,-0.0292806388049316,-1.16077576501357,1.1900564038185,-0.580957326111387,-0.485266388044758,1.06932854045574,-0.779366276508627,0.624619213870734,0.1516422363383,-0.3163255861926,0.3163255861926,-0.789519666912449,0.40626208279406,0.383257584118388,0.833632131018118,-0.833632131018118,-1.06049450420414,0.667026562921993,-0.0429964603296382,0.436464401611786,0.645926628491065,1.04919615061108,1.10485651414531,-2.79997929324745,-0.738360614867483
-1.17459865530046,0.64705535456482,0.527543300735641,0.883840589174746,-0.854266010817935,-0.0295745783568115,-0.229047117376785,-0.0289621841542954,-0.221741979909113,-0.546153904475087,1.71659641640939,-0.690691230494108,0.0175229698311708,-0.0175229698311708,-0.70712707966825,0.0131756665000393,0.69395141316821,-0.592585390154764,0.592585390154764,0.783084377683854,0.627223785171726,-0.738823097879132,-0.671485064976447,0.0381326598696665,1.32025151078172,-0.441741452364309,-0.916642718287079,-1.12957636109504
-0.24469519082606,0.0590883590069496,0.18560683181911,-0.482749785701424,-1.15264853409365,1.63539831979507,-0.533829803358951,0.360965155773542,0.794630753290989,-0.649661423701627,1.22950946379502,-1.20161414579897,-0.114625882882842,0.114625882882842,-0.932355901895466,-0.241670311793114,1.17402621368858,0.304140563632847,-0.304140563632847,-0.376677469061077,0.200914654081154,0.353774561507546,-0.178011746527624,1.14258541568797,1.74734583274943,0.202826002250299,-3.0927572506877,-0.385493536948639
-0.374794748724297,1.45422061838688,-1.07942586966258,-1.27651644583731,0.285074853316047,0.991441592521259,-1.52628613472497,1.12676420438052,1.13103905668637,-1.01379443269566,1.00496901403481,-0.722691707681069,0.212685169084919,-0.212685169084919,0.752430219733247,-0.406470258176014,-0.345959961557232,0.56176963653757,-0.56176963653757,0.00402892079506163,0.693277911465237,-0.944478868951535,0.247172036691237,2.07452217416905,0.671045876028018,-0.42784702815973,-2.31772102203734,0.255697439937828
0.358165189694576,0.769137415095822,-1.1273026047904,-0.519015137352718,0.889747482461003,-0.370732345108285,-0.103714158037463,2.41399719215765,1.03599533380869,-1.7550976617661,0.155077127301019,-1.74625783346379,0.136139473837308,-0.136139473837308,-0.266062447075007,0.362655123343691,-0.0965926762686835,0.804437204834558,-0.804437204834558,-0.406697591842056,0.569447982885672,-0.313063567258667,0.150313176215051,4.55430829248565,0.503021236151943,-0.991903262798444,-4.06542626583914,2.72316558282827
-2.34563274840145,2.70972569218271,-0.364092943781261,1.42560432186814,-0.464220621871517,-0.961383699996624,0.564087813851015,1.17100215628373,1.58663573478782,-0.946537648514091,-0.159278341262498,-2.21590971514598,0.0687020065094283,-0.0687020065094283,-0.655807377436887,0.171226765912745,0.484580611524142,0.867789030328553,-0.867789030328553,-0.982169259594378,-0.00597544992493161,0.277306645045553,0.710838064473756,4.29587409090996,0.887250088052951,-0.873837930935076,-4.30928624802784,3.76670275065975
-3.23015859671121,1.93432214728777,1.29583644942344,0.398106724541036,-0.869086980408853,0.470980255867817,-1.37253459907478,0.0109831738796488,0.393518876414612,-0.152887466375373,0.466695499053865,0.654224516102027,-0.445199209096506,0.445199209096506,-2.6458399747022,0.346865806070487,2.29897416863171,-0.218371640177784,0.218371640177784,-0.78808189887127,0.372897146260171,-0.255422174039586,0.670606926650685,0.869352691117668,0.383937901518455,-0.253700998234717,-0.999589594401405,-0.516155629513516
-1.35892394953866,0.718436730711446,0.640487218827211,-0.7615835670194,-0.207201130536417,0.968784697555817,0.550776823093732,0.439295087378957,0.77442731783406,0.0582903835072794,0.296739733415779,-2.11952934522981,-0.824577225328698,0.824577225328698,-1.84432002856037,-0.191004803695116,2.03532483225549,0.548644830992726,-0.548644830992726,-0.376753259051013,0.528829511286186,-0.186080866257631,0.0340046140224572,1.07748500319107,0.771891376270954,0.830781069080345,-2.68015744854237,6.96164907176102
-1.3046882758836,1.74785480579829,-0.443166529914697,-1.45259875671053,0.0486463925881072,1.40395236412242,-0.488912817621164,1.09841239992039,1.39670134330998,-0.294981304512591,0.136114640468555,-1.84733426156518,-0.602097839053922,0.602097839053922,-1.03011407672837,-0.0421271856303811,1.07224126235876,0.578540641092452,-0.578540641092452,-0.493186646825508,0.0265434639631956,0.417852409166953,0.0487907736953597,1.91249235480111,1.17244635535285,-0.240195768632216,-2.84474294152174,6.56770049250346
-1.57435414358664,1.21958800987061,0.354766133716024,-1.31407510188479,-0.675475186995017,1.9895502888798,-1.13669287022197,-0.0767655066482089,1.23276256590979,1.8710931336857,-0.454981762853818,-1.43541555987149,-0.444989952592233,0.444989952592233,-2.23248241383221,0.0666437783613804,2.16583863547083,0.357550518530364,-0.357550518530364,-0.558446970860442,-0.31872616752089,0.0291445754618265,0.848028562919505,0.0259831332163796,0.715653018741657,0.582600945382089,-1.32423709734013,5.14046358537672
-3.48081784496868,1.04832642469724,2.43249142027145,0.289851562826107,-1.37247285862768,1.08262129580157,-1.04943878578998,0.0339164826777047,0.207867109616042,0.00426468963398421,1.85066038832051,-1.04726988445826,-1.088986432043,1.088986432043,-2.53145511362305,0.0943397435216438,2.43711537010141,-0.653288012416559,0.653288012416559,-1.36658457753456,0.619067298412015,0.395594986062412,0.351922293060133,1.16487906748986,0.895296586895502,0.222594470308038,-2.2827701246934,0.166737434671183
-1.80336684721519,2.71762980304626,-0.914262955831069,0.946334318949048,-0.060872821355256,-0.885461497593792,0.897085978301217,1.10988597760693,1.6323157191797,-0.890867305529593,-0.423599506123634,-2.32482086343461,-0.115589786877588,0.115589786877588,-1.88391860654098,0.584920223337071,1.29899838320391,0.711012632997646,-0.711012632997646,-0.828085874435562,-0.0981458815916511,0.842636242260268,0.0835955137669455,3.82593658720472,1.3163744110157,-0.808167325782452,-4.33414367243796,6.45489073365804
-2.88143795406466,0.821020413952136,2.06041754011253,1.24450449462558,-0.785594152580721,-0.458910342044859,-0.683017936380389,0.138150914149022,0.184189417663752,-0.0907630550801432,1.38248170732901,-0.93104104768125,-0.123757655704209,0.123757655704209,-2.16996041053811,-1.24391693522384,3.41387734576194,-0.137228896601548,0.137228896601548,-0.500453199414536,0.297266749587027,-0.568097414071356,0.771283863898864,-0.512589262097676,0.413027863640043,0.455139008510453,-0.35557761005282,4.09063492232482
-1.85184217839631,2.68286761201703,-0.831025433620719,-0.793083647721295,-0.121490702871628,0.914574350592923,-0.614196804950256,1.07823293284371,0.913939787594882,-0.237990220646783,0.359131708992575,-1.49911740383413,-0.239399403091721,0.239399403091721,-0.592959119657496,-0.139568325823485,0.73252744548098,0.497254141198675,-0.497254141198675,-0.720463169031648,-0.197360220249576,0.114442284300371,0.803381104980853,1.7038701807724,1.1887198676355,-0.319295440186129,-2.57329460822177,3.63590237452831
-3.04884122270549,1.36665713866095,1.68218408404453,-0.177180640252705,-1.01023837102576,1.18741901127846,-1.51283457764045,-0.00493554150407299,0.366804814722155,0.173543327130467,0.852227052609267,0.125194924682638,-2.1462417813382,2.1462417813382,-1.76892782230362,-0.00383732281043683,1.77276514511406,0.0420098195787223,-0.0420098195787223,-1.28787362353819,0.024263587567113,0.204596477052003,1.05901355891907,0.399059478480494,0.325854083459858,-0.512188757616444,-0.212724804323909,-0.617115182844359
-2.55149327679092,2.05558662615179,0.495906650639135,-0.832743797710491,-0.710403569139146,1.54314736684964,-0.0402458080634456,-0.490786674483114,1.2686344947142,-0.445119000287567,0.0779992515146915,-0.370482263394762,0.0767085180211517,-0.0767085180211517,-1.83942609936094,1.46466002560056,0.374766073760371,0.752247284271226,-0.752247284271226,-0.919527551052188,-0.252918754140835,-0.251676840229673,1.4241231454227,0.139423939522532,2.25349390355891,-0.432317293895083,-1.96060054918636,-0.164577848897184
-3.15035027886926,0.972136043386113,2.17821423548314,0.0664572314137867,-1.38872831892274,1.32227108750895,-1.00059009938159,-0.710490424331529,0.880155156789193,1.1068917382206,0.97225611661042,-1.2482224879071,-0.988278899241618,0.988278899241618,-1.93986657266764,1.14780619079737,0.79206038187027,-0.769939187162144,0.769939187162144,-1.25037300975521,0.0961625535030686,0.903669223944436,0.250541232307707,0.5406784847385,1.14133973604189,0.87129306616494,-2.55331128694533,0.105378970397836
-3.03025272348478,0.812015355367531,2.21823736811725,-0.792809159084934,-0.82272158867908,1.61553074776401,-1.81766501441848,-0.832592084591353,-0.540241207623272,1.48021052796089,-0.0505203072267568,1.76080808589898,-0.370380577546111,0.370380577546111,-0.980134502611159,0.176820753218008,0.803313749393151,-0.422617193104609,0.422617193104609,-0.147097781178901,0.0571885275388447,-0.34611060959497,0.436019863235026,-3.34357413359968,-1.05403361669834,0.727490035671258,3.67011771462676,-3.32969079930905
-2.00081338450897,2.28592398310435,-0.285110598595383,-0.0155071785969702,0.093336518770407,-0.0778293401734368,0.00204201845885452,0.647564430475875,1.73975076840635,-0.967138467362296,0.860896066755285,-2.28311481673406,-0.125674181251859,0.125674181251859,-1.30700210813059,0.549441606635881,0.757560501494706,0.690795862010046,-0.690795862010046,-1.33123029089999,0.268835265633418,0.182679160738422,0.879715864528148,4.73116525212353,0.346571110188995,-0.861309178513433,-4.21642718379909,6.1751960672371
-1.1096095841694,1.22052901003244,-0.110919425863039,-0.464712308080857,0.335213405689348,0.12949890239151,0.0550637366774712,0.726832662806812,0.963110639852272,-0.143141920333858,0.41691368505685,-2.01877880405955,-0.733492465979767,0.733492465979767,-1.32787558548415,-0.198992189600344,1.52686777508449,0.318535419522475,-0.318535419522475,-0.439967043753193,0.0284436573522294,0.153641576438997,0.257881809961967,2.18845885818587,0.898169552640407,-0.151532831565899,-2.93509557926038,8.42979855058208
-1.52004483192482,0.941250323426115,0.5787945084987,-0.242941512864569,0.113693698719079,0.12924781414549,-0.274466892827082,0.499002082795375,0.472959234820488,0.136977950544209,1.10202717189803,-1.93649954723102,-1.07919316470095,1.07919316470095,-1.16371760335263,-0.567417888112086,1.73113549146471,0.479293033655082,-0.479293033655082,-0.547900701696583,-0.206179933231959,-0.0408754704323354,0.794956105360877,0.689734357366452,-0.0582383176157428,-0.0891629485633819,-0.542333091187327,6.5481888209851
-2.2067598973423,1.05890084754442,1.14785904979788,0.606949359852468,-0.267102416941755,-0.339846942910713,0.0941929159360497,0.0444105562735881,1.60680535244578,-0.758776844260255,0.970778745690573,-1.95741072608573,-0.454907947386485,0.454907947386485,-2.8395369739188,1.61990145046931,1.21963552344949,0.318939607659346,-0.318939607659346,-1.33027657995825,0.398346554218116,0.464355207610579,0.467574818129553,4.52658305682187,1.88045458046921,-1.20756859087439,-5.19946904641669,5.70612308120985
-1.532063522245,1.25561856004662,0.276444962198371,-0.966160505653102,0.690536097141932,0.27562440851117,-0.223173619892826,0.189483565280364,0.533077299280367,-0.939454032856875,0.23089414134422,0.209172646844751,0.171479300737889,-0.171479300737889,-0.824071723302984,0.366826430364929,0.457245292938056,0.0767467752963262,-0.0767467752963262,0.776896846987266,0.139359439133462,-0.177351881536324,-0.738904404584404,-0.494253539623831,-0.725922154390254,0.725342040902748,0.494833653111337,-2.06014925442075
-2.40384148954123,1.74860847433068,0.655233015210556,0.816082000759204,-0.847193954604803,0.0311119538455983,1.63665317033108,-0.0349611266873246,1.68005269579517,-0.657164019942124,-0.64385088906625,-1.98072983043056,0.212753322678292,-0.212753322678292,-2.72476087826736,0.810088846497847,1.91467203176952,0.937900823466257,-0.937900823466257,-1.01766347660029,0.327120907891743,-0.209219528682861,0.89976209739141,2.7698668546191,2.31421457313329,-0.695953076730796,-4.38812835102159,4.82010732923387
-2.73327974167802,0.74371375579535,1.98956598588267,0.742661243240707,-1.03494681436395,0.292285571123241,-0.129448501914255,1.35407148356312,0.447888017214366,-0.21771754653178,0.58989553979284,-2.04468899212429,-0.150882224707111,0.150882224707111,-2.66013993698419,0.147415582798289,2.5127243541859,0.313451566989235,-0.313451566989235,-0.829103742500467,0.560994909333743,-0.108149772839169,0.376258606005893,0.412700824771121,2.14892842640319,0.447042255458191,-3.0086715066325,4.69515497559535
-2.67828211384243,1.15080950904778,1.52747260479465,-0.361342348533006,-1.27659654620584,1.63793889473884,0.380498219509321,0.317320496883312,1.12870489020383,-0.0808413430212731,-0.112762288829758,-1.63291997474543,-0.1257814269951,0.1257814269951,-1.26901917652514,0.306633995020544,0.962385181504592,0.301624595412758,-0.301624595412758,-0.582012932602161,0.567114443094044,-0.308335094902769,0.323233584410886,0.0113212730937506,0.398815558664888,0.609944732230434,-1.02008156398907,-0.173637624311056
-3.26558208245692,1.05653191695983,2.20905016549709,0.235336932950499,-1.34471946820799,1.10938253525749,0.625074578945513,-0.124663841823274,0.573895578780593,-0.351400731927066,1.13326387131913,-1.8561694552949,-0.0571729885555754,0.0571729885555754,-3.19387303297036,0.430362489139599,2.76351054383076,0.711348388554257,-0.711348388554257,-0.868546971937194,0.897054958528067,-0.982026337273198,0.953518350682324,1.15445458544078,1.58926599640636,0.514280224591672,-3.25800080643881,1.44601701697983
-1.45028301152382,2.08129728340947,-0.631014271885648,-1.45552121454148,0.230774817707643,1.22474639683384,-1.43068527372131,0.47419933762896,0.591899181153866,-0.778778466174667,1.26830716829449,-0.124941947181343,0.381844733230987,-0.381844733230987,-1.4122160172319,1.08965021856035,0.322565798671554,-0.341900000070225,0.341900000070225,-0.613103400925378,-0.235103543903879,0.903461987050636,-0.0552550422213793,-0.00160326538360293,1.54584640988738,0.587536316106837,-2.13177946061061,2.32832769595761
