"ID","A1B1","A1B2","A1B3","A2B1","A2B2","A2B3","A3B1","A3B2","A3B3","A3B4","A3B5","A3B6","A4B1","A4B2","A5B1","A5B2","A5B3","A6B1","A6B2","A7B1","A7B2","A7B3","A7B4","A8B1","A8B2","A8B3","A8B4","NONE"
66,-3.35558211819027,0.59351448086533,2.76206763732494,1.34574643535317,-1.2813048660652,-0.0644415692879685,-0.54888145852781,-0.834467751541809,-0.152747229575125,-0.063951412304561,0.474862068938654,1.12518578301065,-0.962907154588363,0.962907154588363,-1.84286006290997,0.500532843787072,1.34232721912289,-0.791293895732736,0.791293895732736,-0.950308270636553,-0.071231732810591,0.48096969790609,0.540570305541053,-1.25533814000858,0.829283473132132,0.60336616802663,-0.177311501150183,-0.946267353496488
77,-2.54675470148393,1.62798260617425,0.918772095309675,0.455508629208007,-0.641560565551029,0.186051936343023,-0.841930909071342,-0.548177710356134,-1.03792372733169,-0.670756935372476,0.569202215250037,2.52958706688161,-0.236368734143908,0.236368734143908,-2.4754412555731,1.49692431762035,0.978516937952753,-0.540283069937816,0.540283069937816,-1.02915757649827,0.729783093909889,0.109977864014643,0.189396618573742,0.394755890439659,2.06876450981015,-0.399471660226376,-2.06404874002343,-1.82336959698839
280,-2.82429824823459,0.42436072405058,2.39993752418401,-0.0399315385646879,-1.22696132438236,1.26689286294705,-0.260965836277736,-0.694496659361156,1.51291666775938,-0.318572102947225,0.859395119626698,-1.09827718879996,-0.42184270529553,0.42184270529553,-2.16754869859389,2.20473787110515,-0.037189172511257,1.16542926889263,-1.16542926889263,-1.39008966475218,0.628101254405056,-0.204187969250465,0.966176379597585,2.02730238964124,1.57948683400384,-0.0223377725222089,-3.58445145112287,1.1673138031033
221,-2.05950322271491,1.1147941706661,0.944709052048805,-1.7598018097672,-0.447093159126967,2.20689496889416,-1.12083518296932,0.00846776482379667,0.230743226508985,1.3590760228482,0.499917224093182,-0.977369055304842,-1.36133036262396,1.36133036262396,-1.62798987479788,0.935060136037872,0.692929738760007,-0.10119565251447,0.10119565251447,-0.347017426829259,0.14088494965876,0.110987203536733,0.0951452736337664,-1.282256662879,0.0338760078892144,0.588266614083106,0.66011404090668,1.58691932164577
293,-1.4725091800714,1.4757837372749,-0.00327455720349534,-0.949454113688595,-1.02490458288773,1.97435869657632,0.345074149232219,0.577700881214159,1.75334317009917,-0.716149893540943,-0.263182313909989,-1.69678599309461,-0.350754582625248,0.350754582625248,-1.20551294788801,0.0229389456150398,1.18257400227297,1.3976850470869,-1.3976850470869,-0.0220376022600283,0.244712118469414,-0.340969938139386,0.11829542193,2.1995833642206,2.49726570752888,-0.76758886659281,-3.92926020515667,1.39424949988995
150,-2.76017550089665,2.6580837247853,0.10209177611135,-0.403715421128297,-0.552015825709028,0.955731246837325,-1.50447543573108,0.402561097394223,-0.169570854936814,-0.474809957073856,1.04010774590885,0.706187404438681,0.233149626846125,-0.233149626846125,-3.01725120382209,0.361990463484149,2.65526074033794,-0.59529061386329,0.59529061386329,-0.907416312494278,0.521121651807143,0.0594716880023589,0.326822972684776,0.103061564383111,0.947018446155244,0.524324550171602,-1.57440456070996,-0.716976706518983
50,-2.81951324427261,1.96134274615469,0.858170498117918,-0.63473100337876,-0.920826755745823,1.55555775912458,-2.13791525187229,-0.746350092003823,0.239785189796511,0.908753718859754,0.32639364548563,1.40933278973421,-0.765554758852792,0.765554758852792,-2.67872058542235,1.17341788810101,1.50530269732134,0.243775138260867,-0.243775138260867,-0.797953759916759,-0.242501150934662,-0.166998781814256,1.20745369266568,-1.93577560603011,0.797878937978409,1.29469422355322,-0.156797555501525,-2.33500401125117
65,-2.06001975415912,1.90366373631421,0.156356017844904,-0.824645629040615,0.159462427712102,0.665183201328513,-1.43968362733382,0.776608658589965,0.12637707607496,-1.08865945839501,1.71013880587012,-0.0847814548062138,-0.163585762852315,0.163585762852315,-0.452983068519873,0.537696360242237,-0.084713291722364,-0.980758599872878,0.980758599872878,-1.10372725151394,-0.305954942713887,1.24477591298902,0.164906281238802,1.35112144199721,1.67733359937265,-0.523403668980031,-2.50505137238983,1.25975794367415
299,-2.01130174115257,-0.00895134030667973,2.02025308145925,-0.673176065898215,-0.26793338026681,0.941109446165025,-0.482512409422304,-0.382512898118465,-0.041318507882268,0.0479294316327917,0.386667281950878,0.471747101839367,0.362131641821986,-0.362131641821986,-1.99001304926613,-0.443404885267376,2.43341793453351,0.756692522134914,-0.756692522134914,-0.301736247271737,-0.0924816498285746,-0.228714187070776,0.622932084171088,-0.54015321523326,0.142889512439077,0.9375967049965,-0.540333002202317,3.78525359760322
234,0.664315584244989,0.341992962107526,-1.00630854635251,-0.854807036285804,0.49530380564521,0.359503230640594,0.574655425641712,0.298259862775917,1.62189833923494,-1.5923333048692,0.981287830712733,-1.8837681534961,-0.182137944360835,0.182137944360835,-1.48887145287557,1.37811004192766,0.110761410947912,0.988130202829535,-0.988130202829535,-1.38428184691111,0.193977773612968,0.491000184451768,0.699303888846372,5.09198045926973,0.937812921183924,-1.13116749865645,-4.89862588179721,4.7202144117975
290,-1.07577234896951,1.06499116031446,0.0107811886550464,-0.398914814014639,0.278536389361497,0.120378424653143,0.105170477615682,0.827878670357021,1.06648357544698,-0.170918750725473,0.543190365833719,-2.37180433852793,-0.550622273816245,0.550622273816245,-1.30861058884493,-0.23252016520825,1.54113075405318,0.353850063389438,-0.353850063389438,-0.58551149638032,0.106947990326162,0.22252896378172,0.256034542272439,2.10756336632541,0.735496273020326,-0.00554815646303635,-2.8375114828827,8.67385232017678
31,-2.5289764838163,2.30299619547032,0.225980288345975,0.362605550646256,-0.513709226096507,0.151103675450251,-1.52870296787935,0.994208983417717,1.57719395152225,-0.835890974789969,1.08637684090031,-1.29318583317096,-0.122855332307065,0.122855332307065,-2.35935782500609,0.827439050284791,1.5319187747213,0.387710761660951,-0.387710761660951,-1.57421791228855,0.147182058745532,0.566358027003605,0.860677826539411,3.24082113993863,1.79446776982974,-0.896842956232892,-4.13844595353548,1.68837867179487
20,-2.44897568698716,2.9217302477948,-0.472754560807638,-0.452500546249595,-0.727041346225777,1.17954189247537,-0.269282589203557,-0.148334551690621,1.60350346708348,-0.0986079874600398,0.320759824747672,-1.40803816347694,-0.255046049750474,0.255046049750474,-3.59278839831088,1.69145110268302,1.90133729562787,0.366956370539353,-0.366956370539353,-0.781163765124867,0.513113644120418,-0.00308089925408303,0.271131020258532,1.16391136380937,2.24342863570796,0.0786237637867071,-3.48596376330404,2.41531398758778
268,-2.58190648184637,1.97973243078733,0.602174051059038,0.385930508148747,-0.887173777100524,0.501243268951777,0.179670828729342,0.763666203030386,1.90071211812055,-0.60153845325183,-0.587239748029648,-1.6552709485988,-0.283052474493425,0.283052474493425,-3.48357116244967,1.31608325801831,2.16748790443136,0.619065261116873,-0.619065261116873,-1.29095851464656,-0.161424311984284,0.530867416058541,0.921515410572304,3.09468695264546,2.65728935751276,-1.01542276443918,-4.73655354571904,2.52293631041564
110,-3.57407508503045,1.60289879077557,1.97117629425487,0.489112722965542,-1.20411168557383,0.714998962608288,-1.13547238483502,0.253733316269656,0.277928487928388,0.828309442999091,0.624442726005536,-0.848941588367648,-1.90896378685466,1.90896378685466,-2.13648091162924,-0.0769497621990776,2.21343067382832,-0.165240201759506,0.165240201759506,-1.1865061691877,0.369247649858464,0.334343231574217,0.482915287755021,0.68623392829246,0.425880297611604,-0.779111423999336,-0.333002801904728,0.107687482264974
119,-1.3352328942697,2.64647894451581,-1.31124605024611,-0.89769207183492,0.119187449003184,0.778504622831736,-0.111372044834884,0.936321843277021,0.656296696724434,-0.524142079268809,0.548683058461012,-1.50578747435877,-0.109368800290511,0.109368800290511,-3.09147970989807,1.42554562782638,1.66593408207168,0.380036239858055,-0.380036239858055,-0.70750790294102,0.0106020182159142,-0.311984326178947,1.00889021090405,2.29422875179015,1.84679906530224,-0.581494652519649,-3.55953316457274,5.08029522430698
183,-2.47104251421926,0.713401073290159,1.7576414409291,1.13251474320725,-0.582641342449789,-0.549873400757458,0.420263380530133,1.30075724305183,0.699780252035942,-1.25214867050674,0.524622338351826,-1.69327454346299,-0.0354037277346687,0.0354037277346687,-2.95117039856846,2.11551906963048,0.835651328937983,0.38712809519039,-0.38712809519039,-1.42503438064757,0.289392951886109,0.311479782576708,0.824161646184748,3.33455588530938,1.55556948342417,-0.386963766331963,-4.50316160240159,4.43405637356163
53,-1.04565334655714,1.846987459972,-0.801334113414859,1.20128136372082,-0.828440097231221,-0.3728412664896,2.10610135979254,0.421740790326247,1.3626566406246,-1.46381475786859,-0.1362879567014,-2.29039607617339,0.266898635649614,-0.266898635649614,-0.14058422445692,0.0300999344131121,0.110484290043808,1.1052684083334,-1.1052684083334,-1.01680690657126,0.032733347143059,0.383234708545441,0.600838850882757,4.79239990358916,0.744414379391544,-1.05086861427362,-4.48594566870709,3.67813368465476
226,-1.81429132578822,1.87717178327013,-0.0628804574819102,0.00953248826298165,-0.00673977629379754,-0.00279271196918411,0.386580351312703,0.512683164646398,2.24723225793175,-0.621543441552911,-0.233299402976379,-2.29165292936156,-0.630018025956411,0.630018025956411,-3.22884921675583,1.45645130806463,1.7723979086912,1.26608119908601,-1.26608119908601,-1.03117829605545,-0.388013893902521,0.831815004567675,0.587377185390297,3.57755329593658,1.88654933592347,-0.740819328726459,-4.72328330313359,6.66625353878028
129,-1.93438183526802,2.13106778692015,-0.196685951652135,0.0152435817968228,-0.177766975942375,0.162523394145552,-0.269496629158485,1.58480828116888,1.65724279357767,-0.440231179154921,0.108954601146879,-2.64127786758002,-0.426206920539971,0.426206920539971,-0.899915427942106,-0.129962719584655,1.02987814752676,0.749848842634615,-0.749848842634615,-1.27299051163038,0.112555245100854,0.222254016469664,0.938181250059864,4.24990532996617,0.4850119626529,-0.74629125924525,-3.98862603337382,7.32369398644824
189,-1.6037120405581,2.00348547642794,-0.399773435869846,-0.320164036948307,0.353079505422487,-0.0329154684741794,-0.321032262135101,0.613229215803472,0.306933305739293,-1.03969266331147,1.20169385046063,-0.761131446556828,0.213296336087165,-0.213296336087165,-1.71113364584562,1.28715435613341,0.423979289712211,0.737300503335863,-0.737300503335863,-0.599135268681347,-0.714379445801772,1.05427702723229,0.259237687250828,0.837507033084039,0.735853902656956,0.607987343515277,-2.18134827925627,3.33222931319066
127,-2.71919949032355,1.00395442558585,1.7152450647377,0.0284324750678688,-0.819910393636715,0.791477918568846,-0.439475243133845,0.541674343483975,0.324804722368872,-0.235333930410237,1.4681686626536,-1.65983855496237,0.0611941126160967,-0.0611941126160967,-2.57624163434685,0.0190157220121121,2.55722591233473,-0.376449907420942,0.376449907420942,-0.74079919638686,0.319669099632598,0.0326166480834008,0.388513448670861,0.298079715848843,1.68306196934838,1.10531412460381,-3.08645580980104,3.71358444014876
45,-2.6260378735035,0.373838696382574,2.25219917712092,0.565718106293197,-0.744560315994586,0.17884220970139,-1.30662222238343,-0.203879444544827,0.594215823966281,-0.886233851120884,2.25250575697523,-0.449986062892363,-0.99007594205028,0.99007594205028,0.0341280503642288,0.623863770881664,-0.657991821245893,0.237227719885066,-0.237227719885066,-0.993086685696725,0.22428262273402,-0.0313053707588998,0.800109433721605,-0.709446554511861,-0.32415397188324,1.41831497446621,-0.384714448071107,-0.987432708748555
98,-0.97841958433778,1.71146338585385,-0.733043801516073,-0.382643223692445,-0.860219540113386,1.24286276380583,-0.978368393434717,1.75483526150979,1.3413476089083,-0.763720819782227,0.496423610162937,-1.85051726736409,-0.2400034070399,0.2400034070399,0.235565024708649,-0.559598536438457,0.324033511729809,0.727285332230834,-0.727285332230834,-1.6200413813153,0.761777255459715,0.636401762250799,0.221862363604786,3.61408023672446,0.696391239516756,-0.706529985710943,-3.60394149053027,3.9895243049778
46,-2.24650726526496,2.49648409348632,-0.249976828221358,0.760251708086884,-0.561840084631531,-0.198411623455353,0.760937707510753,1.0094178709206,2.16193182392907,-1.32260061180735,-0.391095862293467,-2.21859092825961,-0.0374366892962497,0.0374366892962497,-1.81709619985024,1.0099575544178,0.807138645432442,0.944925284830856,-0.944925284830856,-1.28415523552785,0.571939788469667,0.145155977748516,0.567059469309664,4.71172670757094,1.55798306004094,-1.16526103030372,-5.10444873730817,3.90178920260491
236,-1.45649189088605,0.336075259691729,1.12041663119432,-1.8491145630827,0.574144087166918,1.27497047591578,-0.436667513146247,-0.428903807218701,0.171966363003086,-0.9520285651256,2.13102227797235,-0.485388755484886,-0.609794104741983,0.609794104741983,-0.0652930702726114,0.526275267048264,-0.460982196775653,0.546145567624082,-0.546145567624082,0.501745933609569,-0.0377871160264405,-0.398769554981684,-0.0651892626014451,2.22278081824694,0.496584606042352,-1.1091003475828,-1.61026507670649,-1.2134506395496
266,-2.05690530281338,2.14583980584269,-0.0889345030293085,0.242344043342876,-0.55194918782709,0.309605144484214,0.619526446186081,1.06293670045295,0.8126636589742,-0.470608465279981,-0.201145918641646,-1.8233724216916,-0.249507288744773,0.249507288744773,-2.68918025508407,0.726412704985502,1.96276755009857,0.996483889007209,-0.996483889007209,-0.909165571114842,0.119857105240683,-0.354196694181664,1.14350516005582,2.29430988862192,2.11763793486096,-0.506513472756162,-3.90543435072672,4.89178107251256
5,-2.78672152236062,1.55147217147213,1.23524935088849,-0.342103300443601,-1.02549656748444,1.36759986792804,0.121090497381073,-0.0484567660879743,1.40000843275232,-0.305917795698678,-0.0497485019390211,-1.11697586640771,-0.226471504963088,0.226471504963088,0.0296722432929017,-0.255611254477898,0.225939011184996,-0.0396778458914219,0.0396778458914219,-0.96254754792868,-0.0305458310373455,0.248332192609762,0.744761186356263,0.376905230697285,2.24808798586524,0.036997288562644,-2.66199050512517,-0.170434417381695
301,0.320895267737175,0.520821947369378,-0.841717215106554,-2.99490339354096,1.5409510058024,1.45395238773856,-0.407339609867074,0.508473193002823,1.35121602181728,-1.55800580474852,0.667204841754215,-0.561548641958729,-0.631749886636325,0.631749886636325,-0.423704094089614,0.6024397520865,-0.178735657996887,1.07351610506872,-1.07351610506872,-1.50150875263675,-0.347495168355942,1.47931537648919,0.369688544503501,1.77422089842226,0.619045258232437,-0.532274485025322,-1.86099167162938,-0.627268865713177
59,-2.91515488834144,0.194431914007744,2.7207229743337,0.0649724487784184,-0.976861839781599,0.911889391003181,-0.443837066640122,-0.129483183053905,0.678605602842088,-0.437915313716061,1.86223437396527,-1.52960441339727,-0.902256507039695,0.902256507039695,-1.92082501644186,0.252506867484125,1.66831814895773,-0.910871926363023,0.910871926363023,-1.27099153881379,0.539338121819195,0.599689010746664,0.131964406247933,1.17682304539791,1.35708176256736,0.446523374023504,-2.98042818198878,2.91151862938589
52,-2.48033163614269,2.71951207961986,-0.239180443477168,1.89310844309086,-0.989828990461828,-0.903279452629035,0.713418748634201,1.37398787028722,0.866605161002499,-0.362346940020234,-0.799280690297781,-1.7923841496059,-0.116639349626868,0.116639349626868,-0.503233325025609,-0.74059928806901,1.24383261309462,0.0621937192827433,-0.0621937192827433,-1.13206555618101,-0.133504497009801,0.610766145887216,0.65480390730359,2.5842116805504,1.5291993850469,-0.653132957814063,-3.46027810778325,2.40761805726323
102,-2.17894886422153,2.80294836467642,-0.623999500454893,-1.02850203665331,-0.434418687672067,1.46292072432538,-0.898200138600957,0.519938148340628,0.376408981318892,-0.739019385313487,0.988468832030806,-0.247596437775881,-0.445707373799361,0.445707373799361,-1.52711556584787,0.864690376864831,0.662425188983042,0.295900341917325,-0.295900341917325,-1.05856696866678,-0.24432160605927,0.169444425291056,1.13344414943499,0.909177655667676,2.51458656868449,-0.356394151658601,-3.06737007269356,-0.121289024997213
203,-2.85426302061805,2.65419851764252,0.200064502975526,-1.15567510345167,-0.754907827699243,1.91058293115091,-2.07945673084773,-0.37201698497495,0.777546274075957,1.59626079219769,0.583832040273316,-0.506165390724287,-0.811835964181607,0.811835964181607,-1.54213575855374,0.257472958848126,1.28466279970561,-0.0981669710691505,0.0981669710691505,-0.522785616555278,-0.29103474059608,0.181237544437148,0.63258281271421,-1.24358302602185,0.129968198860629,-0.343241544536476,1.4568563716977,-2.4106484672531
139,-2.05259182557092,1.71581023481762,0.336781590753305,-1.89908547633744,-0.261398414875442,2.16048389121289,-1.01428818605507,0.770052813563742,1.16348844941758,-1.1985593073817,1.139817541476,-0.860511311020546,-1.53657862612445,1.53657862612445,-2.31733837675958,1.19436268755915,1.12297568920043,0.674497274292018,-0.674497274292018,-1.11941043818291,-0.20465124922487,0.45356431425048,0.870497373157297,1.49080241430607,1.54805463040324,-0.348529429046043,-2.69032761566327,1.59769259302038
269,-1.74531403430196,1.44284921308356,0.302464821218394,0.105992995614361,-0.633299585793603,0.527306590179242,1.40506797347151,-0.0541816872117282,0.98638727229367,-0.463800587800298,0.0997680148923026,-1.97324098564545,-0.875095489094432,0.875095489094432,-1.83494756521554,0.586274095501836,1.24867346971371,1.06863037998138,-1.06863037998138,-0.895984979425457,0.338295627453742,-0.215541040948833,0.773230392920548,2.7347308763153,2.22187949303607,-0.852276219907591,-4.10433414944377,5.35226520271718
204,-0.793113752943642,1.34804941454796,-0.554935661604323,-0.196355904250594,0.367214449702504,-0.17085854545191,-0.640768421964427,1.7138119543096,1.75775520053065,-0.981099253761249,0.137898695490329,-1.9875981746049,-0.165519714277498,0.165519714277498,0.57942774310778,-0.997243662470064,0.417815919362284,0.592807756947794,-0.592807756947794,-0.862092359049373,0.752227394052966,0.338007988065082,-0.228143023068675,4.08941389499577,0.0334806556734897,-0.581511902876525,-3.54138264779274,6.13976276904613
107,-2.7556994352185,1.08804800653571,1.66765142868278,0.904136008170125,-1.08846313526927,0.184327127099144,0.749070078761237,-0.14745201989461,-0.0342342987286123,-0.135243877565445,0.794637280083872,-1.22677716265644,-0.406212304623177,0.406212304623177,-1.26721953924511,0.142190846318257,1.12502869292686,-0.297542991321278,0.297542991321278,-0.848646191155158,0.811757020822339,-0.310085930354059,0.346975100686879,1.04845212902967,2.71235371287522,-0.429086402131895,-3.331719439773,3.44464901963959
101,-2.29956948793729,0.974765155956035,1.32480433198125,-0.177813925371146,-0.621082026803454,0.7988959521746,-0.701804998229303,-0.245113706217826,0.264406179835875,1.82890641465354,0.636421741199673,-1.78281563124196,-0.685545595833173,0.685545595833173,-1.87218078848868,-0.545988499351603,2.41816928784028,0.0584508199363779,-0.0584508199363779,-0.747039644198357,0.317129897708603,-0.235922481887493,0.665832228377247,0.78295296526551,1.17915943137606,-0.59873745352836,-1.36337494311321,6.03576636126098
231,-2.96369205030258,1.31178378984098,1.6519082604616,0.526423421244363,-1.10624847544433,0.57982505419997,-0.365638999631262,-0.237100423758271,1.77396134799533,-0.323560357911023,0.560380983545548,-1.40804255024032,-0.851984114960305,0.851984114960305,-2.41177512880857,0.647430426883693,1.76434470192488,-0.18051753531067,0.18051753531067,-1.46411127257404,-0.508605078762523,0.633362527113966,1.3393538242226,1.35420127592702,1.03384991980271,-0.0612822251799194,-2.32676897054981,0.702195416415583
71,1.44489353744823,-0.187221583317619,-1.25767195413061,-1.60007591737679,0.721380860494112,0.878695056882674,0.0235336922462066,0.823348092814785,1.85414382150738,-1.87964526282682,0.597458007130369,-1.41883835087192,0.0195786701185856,-0.0195786701185856,0.0168718802156652,0.519402496765412,-0.536274376981077,1.07635745008036,-1.07635745008036,-1.03196110352464,0.309997920884247,0.54156223281981,0.180400949820581,4.30419036733121,0.675656887719153,-0.827042969390022,-4.15280428566034,2.40110630222738
100,-2.4283491954243,0.539465041471955,1.88888415395234,-0.603824978030155,-0.594341258490878,1.19816623652103,-1.8672780006069,-0.828784193040951,-0.0862173538630111,0.929948419121664,0.887669230832961,0.964661897556235,-1.3114299701797,1.3114299701797,-1.23964887936839,0.639719843842627,0.599929035525764,-0.0510819030406027,0.0510819030406027,-0.530104903212909,1.08950911207177,-0.72646518200013,0.16706097314127,-1.34916101983343,-0.14668860446153,1.44746012936035,0.0483894949346082,0.815119905863028
67,-0.963707887461521,1.00984001682543,-0.0461321293639082,-0.328913718637006,-0.802264827553505,1.13117854619051,0.260600640919082,0.934387317549196,1.48673386465564,-0.207300502362319,-1.01912554685845,-1.45529577390315,0.600521036751802,-0.600521036751802,-0.852342538680887,-0.668487387089435,1.52082992577032,1.03312385712635,-1.03312385712635,0.901596819314579,-0.291495048329466,-0.352908696738103,-0.25719307424701,0.469983136916906,0.874427903517775,0.907739266334191,-2.25215030676887,2.08255855609943
11,-1.0090187763819,1.12551861248027,-0.116499836098369,-0.351412253068177,0.255193789824061,0.096218463244116,0.0410793906777986,0.629743383129098,0.805927882353322,-0.124642331557772,0.591419268285654,-1.9435275928881,-0.478950391521197,0.478950391521197,-1.29970179768348,-0.121093032545504,1.42079483022898,0.112424812653374,-0.112424812653374,-0.444997473200428,0.077965196162529,0.124305040532135,0.242727236505763,1.75797203648461,0.929157555290144,-0.0354554101991238,-2.65167418157563,8.42319485625602
82,-3.06550938911244,0.671492532509329,2.39401685660311,0.740339229985646,-1.2451989049738,0.504859674988154,-0.253353740111006,0.115772847063449,1.10436503132902,0.289458964865035,0.462370556445145,-1.71861365959165,-1.00686966164261,1.00686966164261,-2.36219914504302,0.00740431285319639,2.35479483218982,-0.505437281559783,0.505437281559783,-1.00257432244965,0.688262353756363,-0.378712828376143,0.693024797069431,0.912904634157738,2.05311191025265,0.414542898536371,-3.38055944294676,4.4203205784912
96,-3.30674927624025,-0.435249294504422,3.74199857074467,0.933719152215726,-1.26695559068968,0.333236438473958,0.43695978958669,-0.370309033981375,1.34595013283849,0.344935267398137,0.667211157167535,-2.42474731300947,0.048628240643246,-0.048628240643246,-2.17717977780128,-0.05853513261183,2.23571491041311,0.686338738413994,-0.686338738413994,-0.774214157143236,0.77126864496601,-0.461165290556027,0.464110802733253,1.22264323355001,0.819233013212806,-0.940119624420446,-1.10175662234237,3.76951755418395
228,-1.08442342456575,1.23595602770159,-0.151532603135834,-0.451183917114708,0.26993769055458,0.181246226560127,0.111014116168704,0.650971408880804,0.983398863555242,-0.164596929442337,0.678253636172303,-2.25904109533472,-0.576603713039592,0.576603713039592,-1.31879327949947,-0.176727250353536,1.495520529853,0.27974051962163,-0.27974051962163,-0.454534365838048,0.0433459401103488,0.154539747504067,0.256648678223632,1.9839264495746,0.79116954403316,-0.240933373953725,-2.53416261965403,8.4310654513339
175,-2.59056441388983,-0.547221425345839,3.13778583923567,-0.745528747203227,-0.456469436112315,1.20199818331554,-0.926105246351904,0.12661004811617,-0.740061771809877,-0.180363668832082,1.00582628208654,0.71409435679115,-1.12966795613668,1.12966795613668,-0.794579480149775,1.60879349243875,-0.814214012288972,0.217193753931098,-0.217193753931098,-0.927521201034741,0.178062809657442,0.161262083588818,0.58819630778848,-0.500041035242208,-0.290684745544938,-0.058751155641855,0.849476936429001,-2.16076109103371
222,-2.36722201621378,0.70352376311591,1.66369825309787,-0.133019914626724,-0.658335570407887,0.791355485034611,-1.35763964436393,-1.34982955100675,0.651021135915705,0.573169100828236,1.70008999423904,-0.216811035612295,0.162165027205655,-0.162165027205655,-1.09031041949716,0.94409410097859,0.146216318518567,0.484755771386468,-0.484755771386468,-1.13058585730588,-0.511296729842201,0.986698445591318,0.655184141556758,0.126015362800251,0.3867486142916,1.69113157255043,-2.20389554964228,-0.604917935171959
188,-1.7125893679106,2.43137883363149,-0.71878946572089,-1.23856975961595,-0.158383407121567,1.39695316673752,-1.54867602711084,0.739622223323524,0.791693934938095,-0.0228588018378974,0.968703915711252,-0.928485245024137,-0.733810784554521,0.733810784554521,-1.47780374246735,0.156793196825495,1.32101054564186,-0.0641041600451351,0.0641041600451351,-0.74190425019972,-0.301212368699901,0.457597194836175,0.585519424063446,0.111402605064861,1.77613191030604,0.498982257365823,-2.38651677273672,3.17921783581239
167,-2.40232291460436,1.53238407512092,0.869938839483445,-0.0844013698996592,-0.366804525439411,0.45120589533907,-0.111898076113067,0.100979757453909,1.86232843751261,-0.456856656632743,0.840384850634256,-2.23493831285496,-0.994138621237544,0.994138621237544,0.056556048624552,-0.63203281684133,0.575476768216778,0.543884302343903,-0.543884302343903,-1.32060809033965,-0.143974490170677,0.806718524102702,0.657864056407627,4.01365784628983,0.842916857489259,-0.972358038249707,-3.88421666552939,5.96193404085059
214,-3.12092844675608,0.660255256389884,2.4606731903662,0.873242429140306,-1.06631839476307,0.193075965622768,-0.0965396914372035,-0.142808458762096,0.869374224128369,-1.12540676497854,1.30322347844077,-0.807842787391294,-0.680881968933153,0.680881968933153,-2.23324713715363,1.72079476678707,0.512452370366559,0.332561004061814,-0.332561004061814,-1.48489626052132,1.0510024423753,-0.386799623369872,0.820693441515901,1.95914662952045,2.42249143903804,-0.646487342429022,-3.73515072612947,1.0915150417629
302,-3.04819196955461,0.114884541480156,2.93330742807445,0.339530577264299,-1.42797872700199,1.08844814973769,-1.17123297092476,0.140698689768451,0.671933967269861,-0.455450379433764,0.831961965551443,-0.0179112722312292,-1.30944100084522,1.30944100084522,-0.441559467040959,0.938366451008702,-0.496806983967744,-0.410687832797832,0.410687832797832,-1.31364593198382,0.610554353917062,0.00420035322896619,0.698891224837787,1.16991871945934,0.684319681935276,-0.466419542768998,-1.38781885862562,-0.61335779701456
122,-1.62099606146254,0.262657334281193,1.35833872718135,0.185825544028681,-0.190612818762227,0.00478727473354568,-0.0541622016761596,0.314210365118164,1.23184203115845,-0.424442302043484,0.956001904536559,-2.02344979709353,-1.26652093107021,1.26652093107021,-1.67410980572261,0.558514274505434,1.11559553121718,0.384698545133737,-0.384698545133737,-1.04404020208924,0.422530937006597,-0.0492215142341073,0.670730779316753,3.03880076915737,1.13790835882208,-0.654679264755914,-3.52202986322353,7.63912073833871
267,-2.50615515282727,2.44761681649427,0.0585383363330032,-1.91125096434119,-0.391941895399449,2.30319285974064,-0.630692852844223,-0.108784896611637,-0.00908879003884631,-0.424880924029617,1.14934285125315,0.0241046122711741,0.0638517317942439,-0.0638517317942439,-0.54946747425905,0.206482893466565,0.342984580792485,-0.740012829246382,0.740012829246382,-0.208413647200634,0.864166758935098,-0.454565052900808,-0.201188058833655,-0.217121849776628,0.48630339428531,0.278517190297192,-0.547698734805874,-2.13665654154123
225,-1.85028625151988,2.23834655581423,-0.388060304294344,0.812096347999925,-0.255196861951574,-0.556899486048351,-0.427278330268091,1.31566941139823,0.933359997883464,-0.369860352550805,0.498348102164804,-1.9502388286276,-0.627668971851248,0.627668971851248,-2.68150686223374,0.49460403722463,2.18690282500911,0.832276230625394,-0.832276230625394,-0.783803205864722,0.293796052482994,-0.236918847719721,0.726926001101449,2.62785676529558,1.69151208952922,-0.472022224480722,-3.84734663034407,6.81812325401867
132,-2.86176518326847,1.87886402715567,0.982901156112793,1.47838379543894,-0.925777924201874,-0.552605871237065,0.432520356154137,-0.136134820447583,1.6574349932806,-0.695442784296335,0.599111256077948,-1.85748900076877,-1.08333670743537,1.08333670743537,-1.57614575361998,0.287499930989895,1.28864582263009,0.552921571141845,-0.552921571141845,-1.48590761226944,0.417092436973097,0.848394342085967,0.220420833210375,4.1972006669444,1.87560940206053,-1.0739138115746,-4.99889625743033,2.62900308540681
240,-2.89506125660832,1.60324382063996,1.29181743596836,1.77830997526923,-1.03574245598347,-0.742567519285758,1.02410472795008,1.16441527498343,1.12153756898964,-0.59166084830365,-0.152284476083631,-2.56611224753587,-0.480615286498961,0.480615286498961,-2.90982461910569,0.310139161836659,2.59968545726903,0.590384946659587,-0.590384946659587,-1.60338261374676,0.410884744516716,0.581835937351335,0.610661931878704,4.46572316434839,1.93698682812887,-1.42792510836501,-4.97478488411224,3.8643067819604
193,1.43847055678723,-0.287362398963782,-1.15110815782345,1.21681438893808,-0.492770926849767,-0.724043462088318,1.04679657902239,1.01161275729528,0.77221939302911,-0.987874364699121,0.287484006702732,-2.13023837135039,0.0275390907263704,-0.0275390907263704,0.239800432318722,-0.585237619054067,0.345437186735345,0.5611128665252,-0.5611128665252,0.862387564781707,-0.401068330389604,-0.142516514821664,-0.318802719570439,2.30880965295024,0.285483765765028,-0.00736915352715011,-2.58692426518812,5.8705854310722
254,-2.5540793090919,0.701531076682188,1.85254823240971,0.136371195458737,-0.200348263550771,0.0639770680920338,-1.66235265201147,-1.24016106287039,0.63906116467654,-0.289642090966341,1.11246962411635,1.44062501705532,-0.301520025858746,0.301520025858746,-1.39888307080392,-0.0613329534878533,1.46021602429178,-0.705820103213993,0.705820103213993,-0.643646488300747,0.00398190383897132,0.150857054662911,0.488807529798865,-0.814423499609517,0.322297737993543,1.20626131576077,-0.714135554144801,1.26796397623047
93,-3.00532359557364,0.433070733094241,2.5722528624794,1.14677739873512,-1.28818705999587,0.141409661260749,0.00518767718448971,0.885121551531609,0.36777657672517,0.165710944804005,0.673934228901927,-2.0977309791472,-0.792777378902253,0.792777378902253,-2.58137070465054,-0.599855045685499,3.18122575033604,-0.285712909100759,0.285712909100759,-1.10350840600722,0.781077653663425,0.230027535626528,0.0924032167172653,1.95527917535173,1.71916608368615,-0.592570606938004,-3.08187465209988,5.25617728284781
173,-2.7155381161823,1.1498152674998,1.56572284868251,0.156103966124828,-0.691838734995074,0.535734768870246,-0.229619561346527,-0.170110812902736,1.9112181326095,-0.227340838833591,0.970108751568869,-2.25425567109551,-1.10484889297773,1.10484889297773,-2.35854487818103,-0.466683299105608,2.82522817728663,0.186815415171726,-0.186815415171726,-1.04980231886954,0.145657020904217,0.16846181763334,0.735683480331985,2.02535188307914,0.794541182347072,-0.769538207071354,-2.05035485835486,4.97460614757966
28,0.527586992203236,0.639878645149366,-1.1674656373526,-0.84608659594213,1.02491287750341,-0.178826281561275,-0.907150157041384,0.981668587834156,1.947663392671,-2.00105594156217,1.25806285950897,-1.27918874141058,0.00332727580981397,-0.00332727580981397,-0.837628686578398,0.906924778562716,-0.0692960919843179,1.02376147522102,-1.02376147522102,-0.826026293739617,0.480775732560424,0.186642642746639,0.158607918432554,4.83625429438222,0.706178896246557,-1.06260202008749,-4.47983117054129,2.08031675710609
123,-1.61838130709212,1.05170775531411,0.566673551778006,0.205137463772765,-0.630064536617675,0.42492707284491,-0.00762706232033272,0.485681972677345,1.85651366932825,-1.07001799590152,0.574904172158134,-1.83945475594187,-0.894335339615651,0.894335339615651,-0.79016482434442,0.400206945949346,0.389957878395074,0.7708485814435,-0.7708485814435,-1.53339026305285,0.671966375797923,0.0114616461062425,0.84996224114869,4.16080369205263,1.24537817646831,-1.08904763385107,-4.31713423466986,4.13321533708528
145,0.914188069012382,-0.219135898079949,-0.695052170932433,-0.375688130267435,-0.308193955641539,0.683882085908974,-0.373169622951213,1.11260999678475,1.46571882614748,-0.627333745335562,0.396167222967956,-1.97399267761341,-0.312235178265476,0.312235178265476,-0.138589277824887,-0.464441156840854,0.603030434665741,0.541479579897894,-0.541479579897894,-1.17717670709444,0.754851727309907,0.186685264441647,0.235639715342885,2.8551655894683,0.612107745899773,-0.344423156449987,-3.12285017891808,7.49002676412843
142,-1.95683089596624,1.87104808392354,0.0857828120426922,-0.237206729889665,-0.375862073813238,0.613068803702904,0.337246814846213,1.13227863435403,0.155418712056128,-1.01846907923803,0.451660914447784,-1.05813599646613,-0.562452477389993,0.562452477389993,-1.02434752138506,1.00954311113858,0.0148044102464804,1.06259691293966,-1.06259691293966,-1.402697403771,-0.499478088269775,0.968192444295931,0.933983047744849,2.85791417559705,1.6585017146579,-0.841428135040403,-3.67498775521455,1.24096707538174
118,0.156443436498052,0.238096505056209,-0.394539941554261,-2.08804340713657,2.13308425238754,-0.0450408452509734,0.687630810691843,1.03358422483086,1.28006360503168,-2.18448843109211,0.715266164073066,-1.53205637353534,0.0510894920200467,-0.0510894920200467,-1.7352523628546,1.45242317744299,0.282829185411602,1.03520069306099,-1.03520069306099,-0.892279441632798,0.424945113990604,0.799877782181257,-0.332543454539063,4.70473057989708,1.23921397397353,-1.2651836387699,-4.6787609151007,3.8501473221045
111,-0.782204005240296,1.27207315491917,-0.489869149678874,0.0881872469927947,-0.829328218489286,0.741140971496491,-0.510446139831906,1.07997917610096,1.80081845399505,-0.477707621001634,-0.0846641566757518,-1.80797971258671,-0.429322564245676,0.429322564245676,-2.8034408794308,0.87595246474276,1.92748841468804,0.944989016461522,-0.944989016461522,-1.19049145197074,1.11650457211476,-1.07557624057006,1.14956312042603,2.56609693838339,1.56788620012228,-0.0727570288780244,-4.06122610962764,3.22140253627062
48,-0.282030060590311,0.770294291452492,-0.48826423086218,0.733932197502311,-0.64034060162085,-0.0935915958814609,1.03950491478627,1.91411987913651,0.590503236399206,-0.837835238289999,-0.685498670087115,-2.02079412194487,-0.778755880591054,0.778755880591054,-2.59175074749707,1.15327404978912,1.43847669770795,0.840418162197553,-0.840418162197553,-1.38689383805221,0.0784815793179473,0.273806642780331,1.03460561595393,3.31673531458834,2.15126430707528,-1.07353905643714,-4.39446056522648,4.21476276641746
162,-2.3743733621981,2.6040637138854,-0.229690351687301,0.238576127962367,-0.404077088896729,0.165500960934362,-0.0550050936115405,-0.367471359934485,0.345712933158589,-0.76171851499734,1.78803327129782,-0.949551235913049,-0.428429247785919,0.428429247785919,-1.03592723763149,0.00101097260374262,1.03491626502775,0.157740057504318,-0.157740057504318,-1.41220310789844,0.0374753729774621,0.483272154528463,0.891455580392515,2.65755119751042,1.81534715212249,-0.947323180292872,-3.52557516934003,0.66639613612014
97,-2.14594493422303,1.91827695801056,0.227667976212467,-0.550086509824117,-0.479049762281718,1.02913627210583,-0.699221871216525,0.606314941414093,0.923303284772214,-0.769642482258323,0.838149794887636,-0.898903667599094,0.187047618904578,-0.187047618904578,-2.28614563260155,1.92048246773058,0.36566316487097,0.257799397847769,-0.257799397847769,-1.15547686763235,0.780358291606087,0.523841456334093,-0.148722880307829,2.40429815974883,2.25914356471235,-0.786300169944112,-3.87714155451707,1.19005324820983
182,-0.620408160157516,-0.217475393286585,0.837883553444102,-0.520320375519688,1.68149200685366,-1.16117163133397,-0.5286478389107,0.323236690961874,0.667301189946889,-1.21965285302786,1.72734238354072,-0.96957957251093,0.227760512117711,-0.227760512117711,-1.42239890905913,0.782677446433997,0.639721462625132,0.435178953611023,-0.435178953611023,-1.38523222526473,0.000245560283868343,0.599661277459585,0.785325387521276,3.09902927616447,1.57366101178923,-0.935762640006031,-3.73692764794767,4.97829310137777
177,0.821200339173609,0.72690438242035,-1.54810472159396,-0.655267291467278,2.33096631185198,-1.67569902038471,0.890551891940656,0.642515382301839,1.98933411844869,-1.84664321518217,0.286613052363676,-1.96237122987269,0.179855374748393,-0.179855374748393,-0.408219045700348,0.190975365132637,0.217243680567711,1.10325425573042,-1.10325425573042,0.0256792083053919,-0.12295456718514,-0.268575750294783,0.365851109174531,4.34689195819315,0.562738374044533,-0.750201174929222,-4.15942915730846,5.00076696827244
86,0.837486006427671,0.447818258177875,-1.28530426460555,-0.937057112729012,1.88655369182051,-0.949496579091502,0.598725021097601,1.04115683062825,1.14117186743198,-1.97654320213688,0.343697791666007,-1.14820830868696,-0.0159347545678033,0.0159347545678033,0.0489691798303587,0.324833664138891,-0.37380284396925,1.16166678634207,-1.16166678634207,-0.228102887724881,-0.787656924547003,0.0908363341350518,0.924923478136832,4.26263676537183,0.480353929079821,-0.889942147836762,-3.85304854661489,2.04574958951515
255,-0.301876476815041,0.830037957906039,-0.528161481090998,0.409281679547851,-0.452836987308057,0.0435553077602056,1.39033597555465,-0.338757364619851,0.183693032857609,-0.506166517569128,0.90962322270052,-1.63872834892379,-0.305881742787966,0.305881742787966,-1.83190749907624,0.647195365970931,1.18471213310531,-0.0149413151568644,0.0149413151568644,-1.08540021468525,0.527080930355823,0.0690553051214103,0.489263979208019,2.72095628465131,1.61231539128116,-0.82166198725852,-3.51160968867395,4.77592997683101
158,-3.56616563049296,1.83958035880733,1.72658527168563,0.539903753758091,-1.45700472719071,0.917100973432617,-0.484980026191521,0.278320923718306,0.466831470419196,0.636648500791781,0.826599207699807,-1.72342007643757,-0.243764245373455,0.243764245373455,-2.72535184405586,-0.938995104701907,3.66434694875777,0.388992414767269,-0.388992414767269,-0.608861414475548,0.113835875822565,-0.509884358884177,1.00490989753716,-0.946657485221211,0.612121784169967,0.593353903185183,-0.258818202133939,0.427350563125899
291,-2.32091840156985,2.02890079896648,0.292017602603368,1.35945468449636,-0.493845589746014,-0.865609094750347,0.449048384325668,1.00618950524326,1.41630541925371,-1.40569413753124,0.268391974703148,-1.73424114599455,0.278826257555213,-0.278826257555213,-2.0107566634558,1.10692041621571,0.903836247240084,1.01171117687429,-1.01171117687429,-1.48300160943737,0.040374009789127,0.891007045007175,0.551620554641068,4.40510770309481,1.54457117452128,-0.999253131433956,-4.95042574618214,3.47654508847486
170,-2.87062196409022,1.42104203592654,1.44957992816368,0.786557410075602,-0.948946100594134,0.162388690518531,-1.96424898972916,-1.24622034414806,-0.991595523441461,1.05310649113934,1.15136057218751,1.99759779399183,-0.177301207432803,0.177301207432803,-2.17715774068809,0.90355487583718,1.27360286485091,-0.369895608970645,0.369895608970645,-0.99750676965463,-0.559154437316222,0.579270160313782,0.97739104665707,-0.447079307752855,0.94561924834876,0.354174043017018,-0.852713983612923,-1.56630676052321
43,-1.72541280399233,2.3201851232903,-0.594772319297963,0.699880013717404,-0.554842554599566,-0.145037459117837,0.689778787415563,0.870993943595701,1.66104960443075,-1.08414556499525,-0.171599826091006,-1.96607694435576,0.13541759836236,-0.13541759836236,-0.12313230724686,-0.105546451449771,0.228678758696632,0.930332841515064,-0.930332841515064,-0.223897958023218,-0.190872370839161,0.21347413364436,0.201296195218019,3.88667777977052,0.709203378852198,-0.741131482325358,-3.85474967629736,2.59706611138858
149,-1.90114937393669,2.20487657945181,-0.303727205515119,-2.21044399957196,0.476310149265588,1.73413385030637,-2.02345854435991,-0.185096174106713,1.15842099994689,-0.512904809400174,0.383296725007402,1.1797418029125,-0.480850320287292,0.480850320287292,-1.30731525071407,-0.184587664762483,1.49190291547656,0.36960066509669,-0.36960066509669,-0.636048448869944,-0.438512128579366,0.847754132295921,0.226806445153389,0.0206952057530351,0.163387053532446,0.0147738534139099,-0.198856112699391,1.25915689056223
70,-3.29331144796242,0.0424615352704153,3.250849912692,0.903938665166712,-1.27832634952121,0.374387684354501,-0.845163013705912,-0.0875137018998641,0.541798195413935,-0.617203179914195,0.829334041720823,0.178747658385214,-1.06347966274902,1.06347966274902,-2.16561840489749,0.136321922539657,2.02929648235784,-0.26391744936429,0.26391744936429,-1.21623352157309,0.460537202603012,0.535799428394289,0.21989689057579,0.790698903752652,1.26153831169377,0.33274574198218,-2.3849829574286,0.20566456972747
186,-2.925444158993,1.31873164871431,1.60671251027869,0.384082641678341,-1.04936144752164,0.665278805843294,-0.821676749755451,0.588750341926399,1.9647343542845,-0.172423684086136,-0.506934348541891,-1.05244991382742,-0.210933956766197,0.210933956766197,-1.66275681387604,0.129955766347261,1.53280104752878,0.496840156247312,-0.496840156247312,-0.909413413308953,-0.599948057625084,-0.0791990774903469,1.58856054842438,0.0150935760586329,1.07499356175053,0.812679934587335,-1.90276707239649,0.655230305616679
60,-3.42182612690294,0.382627109387256,3.03919901751568,1.18021186283748,-1.32200966110953,0.141797798272052,-0.515729820409122,0.44126256019174,0.293535481345475,0.524641218197484,0.974955882743881,-1.71866532206946,0.215992316718849,-0.215992316718849,-2.262647768988,-0.963096643294755,3.22574441228276,0.235697818147198,-0.235697818147198,-0.750509634628111,0.657223252930845,-0.143074218656452,0.236360600353718,0.337256017591372,0.0507277499948785,0.193449629523549,-0.5814333971098,1.20691579609982
166,-2.78763428929909,0.446187424315267,2.34144686498382,0.232260616225862,-0.691780914139314,0.459520297913453,-1.85487342466072,-0.31653852788972,-0.703907901029726,0.471686815663851,1.2187580647319,1.18487497318442,-1.08444318353025,1.08444318353025,-0.845260077022627,0.776643947725313,0.0686161292973142,-0.317072307784602,0.317072307784602,-0.793030987118391,-0.930290410345457,0.920659578209414,0.802661819254434,-1.33083685763274,-1.08724986638595,1.09204723045037,1.32603949356831,-2.04507902553308
24,-2.48081325168802,1.58584628848633,0.89496696320169,0.729915124976145,-0.912057257527817,0.182142132551672,-0.900406179986748,0.237260697126693,1.27816096446575,1.24053333374058,-0.196325339112577,-1.6592234762337,-1.70045059051592,1.70045059051592,-2.11055239609372,0.568856184892512,1.54169621120121,0.762577741827103,-0.762577741827103,-0.583687557921602,0.197898486996027,-0.196970512094954,0.58275958302053,-0.631680446208005,0.708095385066499,0.473151311291998,-0.549566250150492,2.78340010970627
136,-2.3208605533256,2.25087676196657,0.0699837913590335,-0.623571540742445,-0.677800392823822,1.30137193356627,-1.61386095350517,-0.0513302725190707,0.911675664231814,2.29752444456793,-0.0685648511718314,-1.47544403160367,-0.0112100691865395,0.0112100691865395,-1.31015127672841,-0.0304960135570974,1.34064729028551,0.184512545855768,-0.184512545855768,-0.238642965520022,0.107678912432577,0.350026910815314,-0.219062857727869,-1.42308433202585,0.764001183572158,0.800667169028493,-0.141584020574797,2.54288687684565
215,-2.15712327767212,2.17564276106421,-0.0185194833920916,-0.000532658753112222,0.124000635696012,-0.123467976942899,-0.696497929059967,0.567155691540766,0.886965115071586,-1.21216706851907,1.51047109974436,-1.05592690877768,-0.645919302733124,0.645919302733124,-0.542938409775558,0.918662042237631,-0.375723632462073,0.92364455469764,-0.92364455469764,-1.63264541813758,-0.356627482550579,0.515346514621152,1.47392638606701,3.79491560587985,0.954508924462607,-1.08210054688485,-3.66732398345761,1.4644903175753
81,-2.90388627635887,1.92870604231477,0.975180234044099,0.0362145955409448,-0.901187907126711,0.864973311585766,-1.68976790130095,-0.477093357131721,-0.725855702937429,1.18655613343744,1.61794848320708,0.0882123447255845,-0.812300282666562,0.812300282666562,-1.53230779906763,0.104839099563418,1.42746869950421,-1.43565856461282,1.43565856461282,-0.572946568075048,-0.0787066573022474,0.552373982623669,0.0992792427536259,-2.40905969538938,-0.111951887519223,1.35827994030364,1.16273164260496,-2.12011816918283
219,1.53091064739499,-0.475091646606945,-1.05581900078804,1.07689165587735,0.316653270719774,-1.39354492659712,2.23094813596318,0.874782152842102,0.0467677346045476,-1.68280888319651,0.0053106743197597,-1.47499981453308,0.383154765865284,-0.383154765865284,0.0746043943156835,0.00240387730349812,-0.0770082716191817,0.730418650694924,-0.730418650694924,0.724965361973639,-0.524068024549894,-0.168510723020884,-0.0323866144028609,3.41680747722433,0.583964108536993,-0.680756639812896,-3.32001494594842,2.85430246331439
126,-2.88074053372362,-0.281759249461942,3.16249978318557,1.19910323584809,-0.908937066262231,-0.290166169585858,-0.442945005365938,0.603232045764278,1.073226584295,0.0150410005500218,0.728372399864627,-1.97692702510799,-0.0196224886306394,0.0196224886306394,-1.6731836650353,0.0692478130813524,1.60393585195395,0.113440510199139,-0.113440510199139,-1.08704215735963,0.117304208931029,0.051011867220196,0.918726081208409,0.986663798988541,0.36141958416142,0.423433182345138,-1.7715165654951,3.67639266694927
17,-2.21613243457203,1.47763476982966,0.738497664742372,-0.778270160200189,-0.681919162115142,1.46018932231533,-0.191876606369993,0.198776098651861,-0.118549027935481,-0.792323405558514,1.17430162779087,-0.270328686578744,-0.684971251178757,0.684971251178757,-2.2321971547496,1.90315742961633,0.329039725133274,0.384123111058071,-0.384123111058071,-0.834001584900818,0.0874861419915334,-0.0194593094352133,0.765974752344498,0.355023909206214,1.28733982666967,-0.1442021116774,-1.49816162419849,-0.93181988971009
178,-2.38831985840118,2.64436411522182,-0.256044256820632,1.6192432016075,-0.626238504694362,-0.993004696913139,0.790873811929463,0.980834186107316,1.96591501106308,-0.979593384548471,-0.490930364123126,-2.26709926042826,0.113202509385628,-0.113202509385628,-1.09144683545671,0.409420666467767,0.682026168988942,0.823784228313712,-0.823784228313712,-1.01880435254944,0.289113220178196,0.663898243468395,0.0657928889028494,4.11594938949677,1.07717727177233,-0.851155270399582,-4.34197139086952,3.81233796304019
217,-2.80969683365073,1.63164578506766,1.17805104858307,0.109341602932931,-0.96739860452857,0.85805700159564,0.828436702026883,1.15529620994374,1.03291916872878,0.0889173271124447,-0.657375484804347,-2.4481939230075,-0.444966365575229,0.444966365575229,-3.16443259826256,0.413532647299584,2.75089995096298,1.33736166115116,-1.33736166115116,-0.556190443682154,0.982287152342945,-1.04124714171881,0.615150433058018,1.33640505058232,1.09800366289588,0.0722838890032329,-2.50669260248142,4.59171955934016
76,-3.5706686879558,0.833333478694613,2.73733520926119,0.31175395537875,-1.7041923803385,1.39243842495975,-0.857592945760714,0.729989844825578,1.71721467593293,0.486164825949893,-0.187661232115133,-1.88811516883256,-1.33455195373794,1.33455195373794,-2.54902127023561,0.996198204086259,1.55282306614935,0.491297330341637,-0.491297330341637,-1.44599550122397,0.628902743943542,0.136031426462535,0.68106133081789,1.92442808073822,1.27509814400519,-0.176369690926773,-3.02315653381664,1.449483720965
34,-2.80560925140666,2.40500679132241,0.400602460084252,0.0896565806860667,-1.1125406837841,1.02288410309803,-0.327755527475652,-0.089787435503185,1.98369495197403,-0.572319588984152,0.676335644993843,-1.67016804500488,0.26060470647297,-0.26060470647297,-0.303369806310246,-0.374499432236638,0.677869238546884,0.269554335143315,-0.269554335143315,-1.06232509963637,1.1453236409072,-0.468403138881382,0.385404597610555,3.08743904374336,1.47048854510486,-0.771723452478095,-3.78620413637013,1.88196594711515
140,-1.4818079116319,0.357922697887644,1.12388521374426,-0.0127878771452842,-0.527720130402639,0.540508007547923,0.776037519132067,0.911737316423976,0.933506933889008,-1.29305583877715,0.336040902762494,-1.6642668334304,-0.0310678403386589,0.0310678403386589,-1.01191981809492,1.25155509897869,-0.239635280883773,0.557882419466306,-0.557882419466306,-1.61730965444536,0.580974457400126,0.711634123811853,0.324701073233384,4.19865562922053,1.51735622876799,-1.19454089279619,-4.52147096519233,3.83917107477138
172,-2.56068579394975,2.64987103028921,-0.0891852363394521,-1.66052173310581,-0.177432163647606,1.83795389675342,-1.32999013443406,-0.520502069552135,-0.705256556566686,0.806615509127487,0.872660531582675,0.876472719842722,0.11130540459982,-0.11130540459982,-0.414229151276156,-0.361199365618297,0.775428516894453,-0.73843718641137,0.73843718641137,-0.315027231816241,0.590047682100136,-0.347568793273539,0.0725483429896442,-1.61579377297594,0.112211804668198,0.68107027025646,0.822511698051285,-2.93451733959111
298,0.791392729165927,-0.845177734206706,0.0537850050407782,-1.8152242186676,-0.0576357309252066,1.87285994959281,-0.278350303372828,-0.199490095714276,0.791770017547445,-1.23681521486423,-0.533443180350523,1.45632877675442,0.0231627108255214,-0.0231627108255214,-0.030283580409598,1.38452710167234,-1.35424352126274,0.465119952876569,-0.465119952876569,-0.968164512942396,-0.0686328970865495,0.383221843581968,0.653575566446977,1.18114627793297,0.152429001200002,0.00860687029606281,-1.34218214942903,-1.86495034793623
131,-1.91859098358501,-0.983886002794051,2.90247698637907,0.840628231821237,-1.74098859922128,0.900360367400046,0.505088796327544,-0.00239148561530204,1.36891230431317,-0.647627379239503,0.608462023481362,-1.83244425926727,-0.092272120660055,0.092272120660055,-0.135634324139084,0.383282702538125,-0.247648378399041,0.570767980558059,-0.570767980558059,-0.988895523423573,1.08851387526821,-0.338963078393578,0.239344726548944,0.9055267351232,0.974031728041,0.388349078198209,-2.26790754136241,0.766281921889338
278,-2.94865125666955,1.33417988148371,1.61447137518583,0.680949758033885,-0.944923658824539,0.263973900790655,-0.301339647590041,-0.587898437142263,0.16278940015251,-0.54428552754756,1.99575502722508,-0.725020815097726,0.825321049738174,-0.825321049738174,-2.51384497242746,1.35317649589048,1.16066847653698,0.072913809059265,-0.072913809059265,-0.842931305573855,0.581308773258781,0.0312233368959459,0.230399195419128,0.500955714858463,1.77245286977617,-0.715028481808633,-1.558380102826,0.107323880356321
272,-2.93101011570096,-0.061960369421133,2.99297048512209,0.820547306876353,-1.15593497122006,0.33538766434371,-1.03170975170745,-0.437949097347452,-1.57140671407078,0.679367732458274,1.05742946549824,1.30426836516917,-0.157472615040839,0.157472615040839,-1.07063256666938,0.846501354037054,0.224131212632323,-0.270182978293878,0.270182978293878,-0.532030911728384,0.563629075141975,-0.0840860874645721,0.0524879240509809,-1.72396170888054,0.0143219643103269,0.511019022595405,1.19862072197481,-1.96761332237361
191,-2.6269548816263,1.83473140829634,0.792223473329963,0.726297867363195,-0.666029105602287,-0.0602687617609086,-1.40257249680635,-0.0301600975636209,-1.63693947597822,1.16396675075203,0.326261810918825,1.57944350867733,-0.0927049971890274,0.0927049971890274,-0.83306845754269,0.00473846094238025,0.82832999660031,-0.0470729539248047,0.0470729539248047,-0.277388491995839,-0.461479395769066,0.0263883341370337,0.712479553627871,-2.8076001661837,-0.475785318695593,0.986864776204967,2.29652070867433,-2.68073500856991
51,-1.92717289223463,2.22987268691316,-0.302699794678532,0.0729956789557877,-0.196915321361743,0.123919642405955,1.61321010193305,0.886216104033553,1.46485424252051,-1.21393525101128,-0.128435500626908,-2.62190969684893,-0.0903583414152035,0.0903583414152035,-2.14933340365739,1.04651635694527,1.10281704671212,0.790446840869099,-0.790446840869099,-1.02456041064726,0.400791003318625,0.557285984705147,0.0664834226234843,4.51596036797315,1.31618095696182,-0.830694708387108,-5.00144661654786,6.4660275901074
230,-3.44261429614666,0.381872899615185,3.06074139653148,1.02810303275557,-1.77231958639118,0.744216553635604,0.0518466794930741,0.275363926775225,0.491601728483293,0.173512470851312,-0.603481039621794,-0.38884376598111,0.02460471300706,-0.02460471300706,-2.81806044870785,-0.0485426607215983,2.86660310942945,-0.0381461301942064,0.0381461301942064,-0.855418874790112,1.22056434166079,-0.779076110549317,0.413930643678637,0.440415557233799,1.74497024253232,-0.0447857925401572,-2.14060000722596,0.570881717538091
12,1.59374930908614,-0.657072343228857,-0.93667696585728,-0.569111247188352,0.318130553363295,0.250980693825058,0.652018697835521,1.09005048278965,0.660723788799073,-1.21705437820764,0.50874745246258,-1.69448604367919,-0.213542817680402,0.213542817680402,-0.0962463628682402,-0.243295476601339,0.339541839469579,0.606138647188562,-0.606138647188562,-0.268511393167526,0.293166122342242,0.0827658891104539,-0.107420618285171,2.7435839109515,0.579252980062703,-0.374591998864956,-2.94824489214925,5.72203186684361
264,-2.13274353453245,3.01087956741923,-0.878136032886777,0.693755240041896,-0.400638243480091,-0.293116996561805,-0.12584653551571,0.513782184866057,1.71838270361024,-1.10890219725061,0.566856669894972,-1.56427282560495,-0.0342597043039,0.0342597043039,-1.34702448417581,0.58396368390427,0.763060800271542,0.821076258599682,-0.821076258599682,-1.13003021845867,-0.0198725519839213,0.299885945933821,0.850016824508769,3.77643409292306,1.12504625958808,-0.792194887359924,-4.10928546515122,2.42522384794909
198,-3.26606203895068,2.16935291273942,1.09670912621126,0.232767220096693,-1.4685476048658,1.2357803847691,-1.0304761428933,-0.348810668840485,0.782495184743482,1.2687670864959,0.916568051672572,-1.58854351117817,-1.0708342661294,1.0708342661294,-2.60293669403789,0.130794672449681,2.47214202158821,0.49206106751732,-0.49206106751732,-0.985104009862292,0.560978044066603,-0.164061514605479,0.588187480401169,0.529569265457171,0.232519535037452,0.276658552319466,-1.03874735281409,0.337587036794473
44,-3.7672035440531,1.35969987530203,2.40750366875107,0.60925751765949,-1.63615607902746,1.02689856136797,-0.586600950573034,-0.636174870185757,0.326483887562989,2.02754022783045,-0.00254164241825846,-1.12870665221639,-0.00862731261495598,0.00862731261495598,-2.89371026306874,-0.205623628732362,3.0993338918011,0.429051747438073,-0.429051747438073,-0.688816325437781,-0.0695081483249724,-0.328104472768457,1.08642894653121,-1.57911922743892,1.05016062092965,1.02935755830958,-0.500398951800305,-0.00730067971972902
261,-0.578245940616264,0.646815037540592,-0.0685690969243279,-1.55541489406501,-0.40777111927268,1.96318601333769,-1.42601231238257,-0.522339098597606,1.80390814437595,-1.14549372919098,1.5044922198444,-0.214555224049193,-0.666287166121271,0.666287166121271,-0.090091257774115,0.952334359117458,-0.862243101343343,0.398505073325424,-0.398505073325424,-1.2073283416599,-0.250037843235786,0.786760188611565,0.670605996284116,0.60948289795471,0.245654785897098,0.718687641994696,-1.5738253258465,-1.48288301328983
8,-1.03562566324249,0.576319017172639,0.45930664606985,-2.0167861256287,0.823291775419155,1.19349435020954,0.276905905365138,-0.344055790544331,0.0659248476083045,-1.31283465967772,0.964750044801143,0.349309652447469,0.262096146242102,-0.262096146242102,1.36418986953957,0.799656611120705,-2.16384648066027,0.519674652386289,-0.519674652386289,0.387749179250904,-0.34473737806504,-0.323042775015758,0.280030973829894,-1.32630401785376,0.00654803834887658,-0.250089802921217,1.5698457824261,-2.88644460644531
18,-2.41371289043642,0.634840580845688,1.77887230959074,0.273434073031169,-0.647184217222232,0.373750144191063,-0.120577998603792,-0.0665276963079928,0.111293984599283,-0.111969549347075,0.282634377440753,-0.094853117781176,-2.03689042501013,2.03689042501013,-1.43178122736955,0.620160103311774,0.811621124057776,-1.11116395507485,1.11116395507485,-0.997865052500632,0.222917879161274,0.0382313283313611,0.736715845007997,0.907245976466845,1.42219571158763,-0.642254073952912,-1.68718761410156,3.78610542416166
270,-1.98035814155938,1.13931999048874,0.841038151070642,-0.985734489544327,-0.412169481204555,1.39790397074888,-0.10710980568858,0.0524237170913806,0.435105827503305,-0.681310526702824,1.05577992698963,-0.754889139192908,-0.87034405512269,0.87034405512269,-2.01669733845906,1.29707854464491,0.719618793814151,-0.353316030810787,0.353316030810787,-1.22861057412737,0.227004228824388,0.312829284557852,0.688777060745133,2.08883917055411,2.78909253744624,-0.761951885782651,-4.11597982221771,3.00823892362138
6,-2.83852094176721,2.10726844404358,0.731252497723621,1.7702032584344,-0.853162740275137,-0.91704051815926,0.388098867823481,0.801313642963056,1.20123818625564,0.0110328866320732,-0.0380982237737757,-2.36358535990047,0.731467548806495,-0.731467548806495,-1.70852214301491,-0.528460068229993,2.2369822112449,0.36203603941245,-0.36203603941245,-0.90385815017308,0.558387086134418,0.0516523538014943,0.293818710237167,2.4252554086561,2.00110127655321,-0.515567141412469,-3.91078954379684,4.82871908448147
143,-0.40990293786202,0.263793035802076,0.146109902059944,-1.06289568922183,1.23732086035484,-0.17442517113301,0.0534842553990744,0.250446601872023,1.44493666278105,-1.03056895836313,0.732638677462809,-1.45093723915183,-0.591327777085078,0.591327777085078,0.596957031607086,-1.08707788118773,0.490120849580648,1.0258436139091,-1.0258436139091,-0.0376993194990658,-0.170023171670243,-0.201378352164487,0.409100843333796,3.99242865791123,0.355305766758995,-0.904028378635002,-3.44370604603522,3.38187287919868
247,-3.36580649034061,1.09816861705015,2.26763787329046,1.77543206942158,-1.52025804622693,-0.255174023194645,0.627758682407334,-0.298445939992549,0.5305677623066,-0.314845456556379,1.01952684424384,-1.56456189240884,-1.30626194385384,1.30626194385384,-1.37747379404864,-0.64116849043655,2.01864228448519,-0.243633554344981,0.243633554344981,-1.50034784133495,0.215415723064765,0.374978946918623,0.909953171351561,1.98208127628061,1.60249647031242,-0.336229515789496,-3.24834823080353,1.12165183455623
40,-2.43805489679787,1.89713063495606,0.540924261841811,-0.186001819867279,-0.43182594919484,0.617827769062119,0.179524562693024,-0.505540741315918,-0.48058353206606,-0.601333856021498,1.73645528535466,-0.328521718644209,-0.439404779739787,0.439404779739787,-0.0229136769081561,0.547169143905546,-0.52425546699739,-0.837910041515033,0.837910041515033,-0.627630021650995,0.579696669694479,-0.0178407842910204,0.0657741362475371,0.959481533025218,1.61456176618432,-0.9736036603239,-1.60043963888564,0.813045096916856
277,-0.0324597868071262,-0.808855589920474,0.8413153767276,0.23078337808305,-1.33183473117594,1.10105135309289,0.213847893855527,0.406605006914718,2.1196704190982,-1.03804006415663,-0.37479353284783,-1.32728972286398,0.269967298659681,-0.269967298659681,-0.719944408454139,0.70655172204821,0.0133926864059291,0.78135872189526,-0.78135872189526,0.300736383144766,-0.314517181431409,0.764272301143029,-0.750491502856385,2.41027135508343,0.41125023460847,0.478999229237668,-3.30052081892957,1.00499730231292
25,-3.42191768658736,0.467372098088332,2.95454558849903,-0.491621995863352,-1.04458227153469,1.53620426739804,-2.43328335520078,-1.21148676140836,0.327691546131548,1.06836882442017,0.268797042271277,1.97991270378615,-0.862488209767096,0.862488209767096,-1.90040735481373,0.93243754418557,0.967969810628163,-0.254080282965647,0.254080282965647,-1.02568482007901,0.0344341718377362,0.497879379121243,0.493371269120035,-1.26369766857407,1.02078976927613,0.168889963229637,0.074017936068306,-1.69043564684818
220,-2.60688692018383,1.84367297045366,0.763213949730175,0.614954625496433,-0.911996954351668,0.297042328855236,-1.2221912241941,-0.188329922724102,2.1365473338634,-0.0184452742362108,0.755180987725402,-1.46276190043439,0.0232493170868229,-0.0232493170868229,-2.02513118069829,0.405130876656721,1.62000030404157,0.925851413516279,-0.925851413516279,-0.984547761207617,-0.164858981326317,0.0763040981093605,1.07310264442457,1.18987253065275,1.82687838625518,0.142383484500935,-3.15913440140887,3.28477588151704
273,-2.35301570358557,1.53514935556693,0.817866348018639,0.418963176335148,-0.556576387789447,0.137613211454299,0.0254876866275096,1.12401423581643,1.23877106189037,-0.569395831147288,0.117199347346138,-1.93607650053316,-0.55091472826094,0.55091472826094,-3.53408222298949,1.12482831298561,2.40925391000388,1.20858906189129,-1.20858906189129,-1.37336516467492,-0.283225286292657,0.367259836832177,1.2893306141354,3.19953063342305,2.42811857496487,-0.79232934111458,-4.83531986727334,4.88091098249458
10,0.196304423602252,-0.406171984580463,0.20986756097821,0.60837793774215,0.138324922501793,-0.746702860243944,0.139091588744428,0.813267451727476,1.21349572753756,-1.49516850980609,1.13720288213375,-1.80788914033713,-0.440535483213443,0.440535483213443,-1.3688474877004,0.307620472667792,1.06122701503261,0.378258903879986,-0.378258903879986,-1.32417565906861,0.216164991568897,0.727582262622182,0.380428404877528,4.9323538006561,1.07151943820235,-1.28621763462039,-4.71765560423806,3.79704048851465
22,-3.53403950745982,0.613892742864083,2.92014676459574,0.789098731314109,-2.02371277475698,1.23461404344287,-0.103253098357789,0.111062776400068,0.989196954262858,1.47197641415155,-0.652676591201504,-1.81630645525518,0.411281320064794,-0.411281320064794,-2.06389429062067,0.711638734223985,1.35225555639668,-0.689386418505144,0.689386418505144,-0.878492113643423,0.24120382938827,-0.0792443999012075,0.71653268415636,0.277467153644837,0.429454905264004,0.481848674154444,-1.18877073306328,0.516794920634708
9,-2.87682143251914,1.23357931160649,1.64324212091264,-1.2328358129294,-0.619492833912176,1.85232864684158,-2.26168666480187,-0.665085628036092,-0.412765163326882,0.914762611703293,2.07538398725129,0.349390857210268,-1.57769755695949,1.57769755695949,-1.63307609940537,1.15198324569662,0.48109285370875,-0.489927598324249,0.489927598324249,-1.16737649169672,-0.482149214908132,0.543601712086605,1.10592399451825,-0.704003468131729,0.476996011691891,0.135700233432386,0.0913072230074516,-2.11054399875521
245,-1.76632141571167,0.375627122368525,1.39069429334315,-0.0814906896824913,1.42741066187339,-1.3459199721909,-0.373750608044292,0.285889818512007,1.12584191356868,-1.08746949925368,0.96425215463977,-0.914763779422482,-0.345410083092846,0.345410083092846,-1.18566304337145,0.292917688193969,0.892745355177479,0.0892751144736869,-0.0892751144736869,-0.227505737969564,-1.02991095170101,0.89528857477055,0.362128114900025,2.70069303410872,-0.100575309558498,-0.023101987946078,-2.57701573660414,1.22762975783446
26,-0.94032111669025,0.256307068949187,0.684014047741063,-1.2398503547616,-0.589148519806435,1.82899887456804,-1.03096885169823,0.167274617964378,1.38668558264924,-1.05565221323482,1.30399319733721,-0.771332333017766,-0.435644715870715,0.435644715870715,-0.799467982718376,0.725124269846579,0.0743437128717969,1.41715059147876,-1.41715059147876,-1.58843254162356,0.344540032906752,0.858794994913099,0.385097513803714,1.85999863950839,1.69396422541525,-0.264766724776453,-3.28919614014719,0.255096099112274
157,-3.1092169023401,0.859047390742007,2.25016951159809,0.382252969704899,-1.22794420431032,0.845691234605426,-1.25194597945294,0.834762343847899,1.09835779068644,0.889253409106403,0.484638136297015,-2.05506570048482,-0.820149754018786,0.820149754018786,-0.808445723929369,0.0998836243725713,0.708562099556798,0.863668382905721,-0.863668382905721,-0.893968932319595,0.101283196216577,0.886945778177602,-0.0942600420745835,-0.514322920119623,0.222861326976787,0.111674322817788,0.179787270325048,-0.166383705929641
104,-2.0814357303483,1.85542040600447,0.226015324343827,-0.0276377448464409,-0.547205371697436,0.574843116543877,0.596224260904349,-0.294769458952514,-0.0853932754069053,-0.748386882672061,0.967489886989853,-0.435164530862721,0.334943196937999,-0.334943196937999,-2.20366493660025,1.96232367825815,0.241341258342096,0.0932640634501539,-0.0932640634501539,-1.19375577666219,0.362509143190848,0.00930433483039722,0.821942298640945,2.02859623687255,2.45095303310649,-0.844034021721566,-3.63551524825748,0.494826000192295
80,-1.97231169704895,0.786242161786397,1.18606953526255,-0.0081860391638584,-0.428837179024834,0.437023218188692,-0.992866843019651,-0.343897647192764,-0.247557743450732,0.106331405351955,1.1975493686422,0.280441459668994,-2.27426690174126,2.27426690174126,-1.47080036866309,0.378423670469247,1.09237669819385,-0.726015898133499,0.726015898133499,-0.635834838315848,-0.325249493549207,0.815552974535788,0.145531357329266,-0.36549463867622,0.698923542553088,0.724505029763973,-1.05793393364084,2.19683311431171
242,-2.90737193336236,1.44474266744181,1.46262926592055,0.779649264376421,-1.12614809600291,0.346498831626485,0.161955590366753,-0.203125104069457,0.10616770135495,0.657828482955551,-0.358161352373781,-0.364665318234015,-2.14039288486742,2.14039288486742,-0.64097750938301,0.886238789290487,-0.245261279907477,-0.063259598180595,0.063259598180595,-1.34406188936648,0.151495205148255,0.056425789087544,1.13614089513068,1.38131870731859,0.0761714998509238,-0.598583257397489,-0.85890694977202,-0.586818777537997
2,0.422950244824952,0.697954236349092,-1.12090448117404,0.363705645459988,0.65319520534302,-1.01690085080301,1.54244852713187,0.396579387639567,1.82447643432189,-1.59478927571409,0.172125624782192,-2.34084069816142,-0.0287310430395941,0.0287310430395941,-1.2170231436078,0.578246401266564,0.638776742341235,0.983705849973839,-0.983705849973839,-0.83820159107427,-0.295513553455843,0.247064982073783,0.88665016245633,4.86707368041042,0.842750809767525,-0.865628232493228,-4.84419625768471,6.44853667578631
233,-2.36812849276275,1.81643266286192,0.551695829900831,0.781178923000728,-0.762684627156547,-0.0184942958441805,0.852584097228508,1.81708026980514,1.31535749307259,-1.05280026022324,-0.557845418919012,-2.37437618096398,-0.771381340618351,0.771381340618351,-2.94530731358697,1.35215128938048,1.59315602420649,0.893961824971105,-0.893961824971105,-1.38010123250848,0.0829603396613907,0.445469484138305,0.851671408708788,4.34186995459546,1.969697738336,-1.18536998205219,-5.12619771087926,5.07341315623019
49,-2.85629228469242,2.01074469297512,0.845547591717305,0.462321384772575,-0.833319882182065,0.37099849740949,-0.448335926748314,0.575624737556322,1.25655046393837,0.208279850266818,0.138591209162763,-1.73071033417596,-0.392257608058576,0.392257608058576,-2.98945637358052,-0.296282764314127,3.28573913789464,-0.187698079947123,0.187698079947123,-0.791574569013791,-0.0320438556530437,-0.17940100085202,1.00301942551885,0.996416082152318,2.24928900609343,0.100022030313247,-3.345727118559,4.89684129709152
244,-1.70398152950392,1.77581582457879,-0.0718342950748658,-1.31242788290398,0.109303345217635,1.20312453768634,-0.293097364514261,0.297985849674994,0.720264302763136,-0.748739606158677,1.18523112875685,-1.16164431052204,-1.2331259791473,1.2331259791473,-2.28528648428727,1.1378453110352,1.14744117325207,0.464139752495752,-0.464139752495752,-1.02917938336697,-0.331596600427267,0.731267953050261,0.629508030743976,2.33853765121954,2.03842907806722,-0.695694803792326,-3.68127192549443,3.8263577111569
78,-2.79846782131645,1.02056766484037,1.77790015647609,1.43637316805036,-0.96244790998275,-0.473925258067611,0.261155830445246,0.597906649669838,1.36093495760851,-0.849215271806198,0.222957371507881,-1.59373953742527,-0.257828936328952,0.257828936328952,-2.99376470419902,1.90813668438447,1.08562801981455,0.538067820928005,-0.538067820928005,-1.42292692048294,0.450278755078779,0.550333785222852,0.422314380181313,3.1211454845218,1.27461197241988,-0.0490827820832105,-4.34667467485847,2.30897442815545
90,-2.59253638201114,1.37289414099251,1.21964224101862,1.05274230766365,-1.15926336538657,0.106521057722924,1.71999218108506,0.601480037221184,0.726749518348722,-0.92413691566399,-0.113135142744807,-2.01094967824617,-0.221890424793544,0.221890424793544,-2.13200233294957,0.409223487659422,1.72277884529015,1.6596826324606,-1.6596826324606,-1.20946157924906,-0.172563696651903,1.09336955295989,0.288655722941072,2.30985301502953,1.5476693251103,0.02734911905423,-3.88487145919405,2.55657077569888
54,-2.09980519349365,2.72389937118644,-0.624094177692786,1.44342060292316,-0.391831537082337,-1.05158906584083,1.03494128967616,0.766160686717612,1.44793663799064,-0.52983879081113,-0.547214844025793,-2.17198497954749,0.0334848049192251,-0.0334848049192251,-0.746881467174791,-0.172628919803176,0.919510386977967,0.566885739758814,-0.566885739758814,-0.923643586562628,-0.198544259775976,0.425985620012553,0.696202226326051,2.69562122955557,1.32899809218093,-0.545741901280058,-3.47887742045644,5.02202675468394
117,-2.31227008696518,1.56160261436225,0.750667472602934,-0.0102546817589759,-0.63128636277443,0.641541044533406,-0.412605601544067,-0.948785610138129,0.26466597327738,-0.796319411176099,2.01307561691389,-0.120030967332977,-0.971352447139601,0.971352447139601,-0.473572870577991,1.18033503020298,-0.706762159624986,0.211565946594322,-0.211565946594322,-1.42970351963562,-0.74720355987751,1.26450120419113,0.912405875321999,1.80931289308694,1.89977040395848,-0.128501778634867,-3.58058151841055,-0.349266256554477
138,-1.08269909352782,-0.082478249860048,1.16517734338786,0.165947269013063,0.508910400642535,-0.674857669655598,-0.723432045727714,1.32906813100777,0.231140874826434,-1.14090405106179,1.46687695440804,-1.16274986345274,1.34163732417742,-1.34163732417742,0.867784286580282,-1.12913372993298,0.261349443352698,0.215529213406212,-0.215529213406212,-0.495466501580878,0.437486663328153,0.411394696065684,-0.353414857812959,0.947169381542361,-0.887926392936775,0.186800382948179,-0.246043371553766,-0.0525579538213963
1,-3.21283542002269,0.143210498600257,3.06962492142244,0.502325658603314,-1.33976348366092,0.837437825057604,0.522485852427028,-0.607561317811625,1.06249189233732,-0.34269758648688,-0.128831385841879,-0.505887454623967,0.455821515724339,-0.455821515724339,-2.04225387422057,0.457531518986879,1.58472235523369,1.19626230042355,-1.19626230042355,-1.03468192934947,0.613420386369379,-0.448454624934637,0.869716167914728,0.979136499085427,1.80483281892344,0.158473502049737,-2.9424428200586,0.870653632816164
55,-2.546435693053,1.25862684336279,1.2878088496902,1.53302645749966,-0.757810454673127,-0.775216002826534,0.958244784091757,0.294085840058324,1.47563784455452,-1.34462330922615,0.0464126935013319,-1.42975785297978,-0.45706661514452,0.45706661514452,-1.9447818603236,1.71834382906404,0.226438031259562,0.725054543362577,-0.725054543362577,-1.32617487365383,0.615722879438199,0.667540407632352,0.0429115865832825,3.30952764060088,2.01879699781854,-1.05127389823414,-4.27705074018528,2.48782749146732
282,-1.65401693195656,1.44561633082728,0.208400601129279,0.839221620176771,-0.049161751639488,-0.790059868537283,0.716949771328191,0.695959450450226,0.0961369472759654,-0.704861392758147,0.680033602418268,-1.4842183787145,0.474334091093821,-0.474334091093821,-1.14581232091811,0.728267339012154,0.417544981905955,-0.136050950769326,0.136050950769326,-0.74105877386885,-0.362185538410517,1.13679011684682,-0.0335458045674519,1.89647517697307,0.00323595930672808,0.394057957001444,-2.29376909328125,5.0833276764591
187,-0.476156394199363,1.38661207752111,-0.910455683321744,0.292181142478105,-0.765350162398786,0.473169019920681,0.335435399587714,1.75264091031016,1.32105800390899,-1.08177676935383,-0.351001086509844,-1.97635645794319,0.303164692125487,-0.303164692125487,-0.884538181027393,0.342351307049377,0.542186873978016,0.859123953084821,-0.859123953084821,-0.247481285385234,0.648725906428202,-0.13313491827384,-0.268109702769128,2.36073959267225,1.47875360441434,-0.50242378679971,-3.33706941028688,4.07713093055115
295,0.0460088696637438,1.52327313489438,-1.56928200455812,-1.39400203643075,2.79545304988938,-1.40145101345863,-0.416230379349802,1.02442396402744,1.82062222359512,-1.7291448507222,0.321235216417237,-1.02090617396779,0.0306691437645505,-0.0306691437645505,-0.374277711124,0.23203116269141,0.142246548432591,0.726486261131107,-0.726486261131107,0.647188000669865,-0.591957908956301,0.133975468653945,-0.18920556036751,2.64850691810987,0.631086363880452,-0.533964058261426,-2.74562922372889,3.70421469037929
134,-1.86393880145644,1.54372549119408,0.320213310262359,0.632658789821535,0.106550552431678,-0.739209342253213,-0.4617063414248,0.878559917793592,0.448191194318569,-0.554194338064147,0.822897320554507,-1.13374775317772,-0.455372906310912,0.455372906310912,-1.28956949204049,0.759072475627026,0.530497016413464,-0.750701341302158,0.750701341302158,-0.517686655616396,-0.695695032942514,0.739556362801435,0.473825325757475,0.83806010188156,-0.836088617633541,0.0672417025617015,-0.06921318680972,3.89709985818433
133,-0.946512020197728,0.683803113714258,0.26270890648347,-0.0499184570186473,-0.671822481173329,0.721740938191977,-1.27689493665412,0.239420057987898,1.29050362251698,-0.652627448178445,1.31966985238087,-0.92007114805318,-1.02855207589252,1.02855207589252,-0.853196171905438,0.219645980766749,0.633550191138689,0.0833269598916343,-0.0833269598916343,-1.39071816651449,0.741687663693314,0.187384594761498,0.46164590805968,1.53415585918723,1.37172247207633,0.1517900408861,-3.05766837214966,-0.563669296879257
165,-2.06537230546788,3.02930496520447,-0.963932659736591,0.825195892226805,-0.378392929531695,-0.44680296269511,0.254712046918799,0.859214863233179,0.848566156889858,-1.01490056525906,0.519158039885361,-1.46675054166814,0.120696619003259,-0.120696619003259,-1.23687812185017,0.561876908980387,0.675001212869783,0.57477127412946,-0.57477127412946,-0.780387590576456,0.053989357628692,0.474505374038879,0.251892858908886,2.40270349265634,1.48552824864728,-0.425749436094326,-3.4624823052093,1.82665381548778
69,-0.264964468323924,1.20209153344602,-0.937127065122098,0.114742144772207,-0.636434146364214,0.521692001592007,-0.412335655447958,0.693438369596055,-1.18221394918025,-0.0954294607104642,0.160297970369411,0.83624272537321,0.953067585315682,-0.953067585315682,-0.0361411915318744,-0.146493173240123,0.182634364771997,-0.632480530921075,0.632480530921075,0.208122871683981,-0.248002832752416,-0.154071440596391,0.193951401664826,-0.458528362373752,-0.163882907222738,0.773934334586339,-0.151523064989849,-0.0803951863359371
156,-3.31886951725245,0.457666531145369,2.86120298610708,1.29465808690123,-1.04205044396063,-0.252607642940599,0.289143761297277,-0.487319764418499,1.44841818323183,-0.747027868634454,1.05228452855586,-1.55549884003202,-0.444748717272061,0.444748717272061,-2.31515454756996,1.05051023139179,1.26464431617816,0.0135377117990221,-0.0135377117990221,-1.37687471427783,0.31127228104642,1.33687989459744,-0.271277461366024,1.61954869725768,1.33059982474884,-0.393568229093964,-2.55658029291255,1.29982837016239
265,-0.130272992210281,0.373726387849313,-0.243453395639032,-0.383335789192894,-0.913185296650548,1.29652108584344,-1.09183876553187,-0.951218838840757,-0.433668732923911,0.8670112208718,1.54206126705722,0.0676538493675176,0.408457579764101,-0.408457579764101,0.536200873177962,-0.634275909889837,0.0980750367118749,-0.950208866231847,0.950208866231847,-0.685677000694699,0.399537337105704,-0.184322881357444,0.470462544946439,-0.679559534042761,-0.835232394924424,0.108774594350982,1.4060173346162,-2.59627680532572
87,-0.32648021979333,1.4853433376545,-1.15886311786117,-0.590078509249009,1.81072369586852,-1.22064518661951,0.940599781668758,0.731147504537456,1.34931197151645,-1.69136162928813,-0.108002163198855,-1.22169546523568,0.12897234940559,-0.12897234940559,0.649725742285507,-0.34699871927402,-0.302727023011488,0.817827258546337,-0.817827258546337,0.158941815123656,-0.0420226295963541,0.250239840402025,-0.367159025929327,2.37793332008316,1.02509807537148,-0.640563843933749,-2.76246755152088,1.11528280207045
246,-2.97015499212827,2.24397429325763,0.726180698870633,0.566645626215978,-1.07170451510525,0.505058888889276,-2.10813651024354,-0.866482932784301,0.340597505956116,2.06480807684266,0.491486143580483,0.0777277166485829,-1.07360002029041,1.07360002029041,-0.58439729626705,-0.889265724211498,1.47366302047855,0.0557950225145766,-0.0557950225145766,-0.545122917687827,0.318156921222895,-0.0866250048534952,0.313591001318427,-1.62977824422539,-0.473282271865449,0.937166576589418,1.16589393950142,-1.63832740471464
238,-2.382257667464,1.99140208558901,0.390855581874986,-1.26168962250542,-0.328819539409833,1.59050916191526,-1.33901445435642,0.427274427614478,0.0252956789539851,-0.906488427473303,2.0930267950398,-0.300094019778538,-1.0708995140619,1.0708995140619,-1.11545375592044,0.708228610986945,0.407225144933497,0.0635095311940073,-0.0635095311940073,-1.4000850370056,-0.200705816747648,0.768908308051473,0.83188254570177,2.38661398043006,2.45457577269857,-1.08268447213552,-3.75850528099311,-0.168665638112509
285,-3.12386129712123,1.02474019454021,2.09912110258101,1.70646070870136,-1.13355835049374,-0.572902358207623,0.62632069487657,1.5255086559212,0.405854145717692,-0.842682475439764,0.442844078969941,-2.15784510004564,-0.461260922066654,0.461260922066654,-2.22166059627734,0.148510252981483,2.07315034329586,0.211890045831969,-0.211890045831969,-1.43998097283339,0.364425740047823,0.601043319284463,0.474511913501103,3.65914772974466,1.34227520211014,-0.698195774054653,-4.30322715780014,2.94394101797441
263,-1.92342556825512,0.794910582078535,1.12851498617658,-0.834966652838585,-0.0431639348685557,0.87813058770714,-1.47152706639187,-0.78797915452827,0.0802281185746499,0.309915650640257,1.56046431963465,0.308898132070586,-2.10885835045208,2.10885835045208,-1.23845980780113,0.00139420092653356,1.2370656068746,-0.113535681193205,0.113535681193205,-0.397512776988947,0.0190607765348351,-0.0191106308443421,0.397562631298454,-0.81315416003291,-0.0490374740876666,0.397225544104936,0.464966090015641,2.8572288592295
74,-3.26025463705036,1.77344786668475,1.48680677036562,0.0657646344785482,-1.36356503788656,1.29780040340801,0.354644511488025,0.921597128484414,1.33000551797825,-0.0156278986707113,-0.934187050513938,-1.65643220876604,0.303049916481338,-0.303049916481338,-2.86971068960534,0.891751954252859,1.97795873535248,0.151494902229671,-0.151494902229671,-0.60457955480088,0.690732957770946,-0.558319796332552,0.472166393362486,0.181099444031989,1.32099563675042,-0.362951183834893,-1.13914389694751,0.493110526869607
125,-2.93147006413007,0.59401262379898,2.33745744033109,-0.76148176824092,-0.898456015330894,1.65993778357181,-1.33713410229117,-0.444303595280468,-0.722003592436638,1.02643361628111,1.07817477144814,0.39883290227902,-0.98708037001167,0.98708037001167,-1.10386693965442,-0.143474799249744,1.24734173890416,-0.378117391740751,0.378117391740751,-0.417631980572434,-0.226778744719305,0.273011845872847,0.371398879418892,-3.08510519471387,-1.09133803816166,0.538685338810828,3.63775789406471,-2.67050874199641
300,-3.02448211391523,1.21385090347181,1.81063121044341,0.295026380496467,-0.946127858410981,0.651101477914514,-1.96338545841135,-1.38501534770655,0.0317883151307121,1.00204678842424,1.22664555456551,1.08792014799743,-0.922716025722303,0.922716025722303,-0.445500761987557,0.604172544771808,-0.158671782784251,-0.746884345248342,0.746884345248342,-1.21606430389684,-0.0691136060631105,-0.176479485281121,1.46165739524107,1.03310276715812,1.07991694914641,-0.257660688790227,-1.85535902751431,-1.88975264726326
21,-0.000919247461388305,0.80991831138017,-0.808999063918782,2.15592087782123,-1.17291115576041,-0.983009722060825,1.45711372738972,1.72058015025117,1.1714758820505,-1.69461070087681,-0.0300972660402033,-2.62446179277437,0.363198896476824,-0.363198896476824,0.13377560707303,-0.592315213507769,0.458539606434739,0.7798424341669,-0.7798424341669,-0.611636099833052,0.826094123341989,0.263565748997144,-0.478023772506081,4.94345045633554,0.619310470046495,-0.926678869845325,-4.63608205653671,4.43388343837922
210,-2.83200973381815,1.18827395794397,1.64373577587419,0.397662301477004,-1.3098479783467,0.912185676869701,-0.0751734486577602,-0.334727821036758,0.328409249843516,0.769969366364231,-0.799197743888912,0.110720397375684,-0.761871572568878,0.761871572568878,-0.524226562201042,-0.316133618255457,0.840360180456499,0.265623987984546,-0.265623987984546,-1.10461508901121,0.166433210518426,-0.00317327744304129,0.941355155935823,0.7209249900347,0.910043483350039,0.664950758921863,-2.2959192323066,-0.468715992136937
14,-2.75097866664789,1.02612734548005,1.72485132116784,-0.219982506716236,-0.822584842710469,1.04256734942671,-0.809977857452903,0.905676347903184,0.482949782733565,-0.231502853481719,1.22914673141166,-1.57629215111379,-0.64684846411622,0.64684846411622,-1.59447305980685,0.289359090982813,1.30511396882404,0.462617529050508,-0.462617529050508,-1.20651670373662,0.19508919259458,-0.773650565384155,1.7850780765262,1.83633309794995,1.14622088545961,-0.434943429282586,-2.54761055412697,2.44232315552834
256,-2.43880433848238,1.5960713189425,0.842733019539881,-0.941174067149022,-0.143528265047107,1.08470233219613,-1.6185276424221,-0.726801605029405,-0.275699812098291,-1.18957571765443,2.0733559427441,1.73724883446012,-0.457884069867449,0.457884069867449,-1.314648497645,1.51080346739715,-0.196154969752148,-0.491127679506121,0.491127679506121,-1.15400543646743,-0.0566062082799737,0.826382842183031,0.384228802564371,1.07835991774309,0.888095001230011,-0.484067923069988,-1.48238699590311,-2.02375986514348
83,-2.47016590198027,2.79873471553182,-0.328568813551551,0.43125181390997,-0.429895730212395,-0.00135608369757501,0.664526468443433,1.03514330286848,1.24294376351176,-0.945062606617433,-0.413687022587291,-1.58386390561895,-0.0182354294745185,0.0182354294745185,-1.06191338549787,0.522868377277,0.539045008220874,0.821581842012409,-0.821581842012409,-1.22188285341601,0.0605703048622009,0.720793124601065,0.440519423952749,3.46498460061936,1.62477216853343,-0.942064331384607,-4.14769243776818,2.34703251734662
216,-2.27031825448459,1.34297452324353,0.927343731241065,-0.900886109524169,-0.490747298720348,1.39163340824452,-0.295758985694985,0.210576218629669,-0.247212221495725,-0.919491822147594,1.98922239920215,-0.737335588493513,-0.824300309814536,0.824300309814536,-1.6173935329547,0.848897466115846,0.76849606683885,0.339209651321382,-0.339209651321382,-1.5909846421493,-0.486935542968411,1.42245663593893,0.655463549178784,2.59995562178947,1.04458789051442,-0.135831080747547,-3.50871243155634,0.0854082543820665
68,-2.34127596973504,1.54579756801928,0.795478401715761,1.47703568282124,-0.806613955854483,-0.670421726966758,0.810063649586219,0.577674017135149,1.68925500623084,-0.640952585474819,-0.733253757448215,-1.70278633002917,-0.138620088677524,0.138620088677524,-2.47907646777275,1.80092876505564,0.678147702717119,-0.149179464107009,0.149179464107009,-1.04012621437686,0.926692137372638,0.135448745821564,-0.0220146688173438,2.60677642417568,1.37879343051468,-0.221789244203006,-3.76378061048735,4.4286512094403
105,-3.33590742556704,1.30626060139253,2.02964682417451,1.3255830518942,-0.936155985613807,-0.389427066280395,-0.780828392745271,0.0781926314950745,1.23582854029505,-0.830123492454425,1.43006527249901,-1.13313455908944,-0.0458408012706954,0.0458408012706954,-1.43250823488354,0.547864540772611,0.884643694110934,0.0489371868119025,-0.0489371868119025,-1.34490672919463,0.889520095427434,-0.368276658244134,0.823663292011329,2.88264103306755,0.962969235744543,0.0168734861507666,-3.86248375496286,1.30612030880351
36,-1.89535729950163,1.78942928080468,0.105928018696944,-2.68147119135799,0.169703630087917,2.51176756127007,-1.5686136816602,-0.340838048457342,0.481559759052309,0.808332398900399,1.13863916621369,-0.519079594048855,-0.726037172176311,0.726037172176311,-1.76301664989139,0.772614757070161,0.990401892821234,0.0170418641555084,-0.0170418641555084,-0.325873425830288,-0.0345474012892309,0.263811762361595,0.0966090647579241,-1.09489174568156,0.302724913650334,0.370756261931119,0.421410570100109,2.01086828555753
284,2.2614788204551,-1.0546808926682,-1.2067979277869,-0.0261180437027111,-0.890783490226895,0.916901533929606,0.634806995586176,1.45141582903571,0.734839478269249,-1.6968111254959,0.44909230504485,-1.57334348244008,0.10400143054425,-0.10400143054425,0.773607598783154,-0.299050748607161,-0.474556850175993,0.785065441534083,-0.785065441534083,-1.3885274317505,0.815850366574671,0.525353505358856,0.0473235598169767,3.65525221472897,0.409531003650116,-0.557113490450104,-3.50766972792899,2.83349003369301
154,-2.26570903879993,2.0559736634762,0.209735375323728,-0.526743290419702,-0.78892686073336,1.31567015115306,-0.77320483875554,-0.208429048352399,0.756351730988825,1.21819036010624,0.0488458165389808,-1.04175402052611,-0.0399672532642415,0.0399672532642415,-0.99139643234883,-0.209909108408373,1.2013055407572,0.141132371123486,-0.141132371123486,-0.599983118453438,0.426836921940762,-0.981944645145115,1.15509084165779,0.168524771907532,0.898642764473402,1.06591642028393,-2.13308395666487,3.12993937056925
30,-1.68954512663448,0.382162760469143,1.30738236616534,1.19620216168389,-0.805931005636609,-0.390271156047285,0.947091131984557,0.250446062077617,0.408277916815516,-0.564394572623753,1.22949043415343,-2.27091097240737,-1.10148247897369,1.10148247897369,0.0309209794522861,0.047896784948803,-0.0788177644010891,0.115781273681511,-0.115781273681511,-1.13820969031558,1.28209746601519,-0.00909331394217224,-0.134794461757435,3.03032085432115,0.398445719805023,-0.401835781736035,-3.02693079239014,4.68844392860235
251,-1.43236751751214,0.829876768623582,0.602490748888557,0.0673142259770321,0.0784278402676007,-0.145742066244633,0.0109683999993353,1.05648658687766,1.51449440681891,-0.669743061352517,0.279736176105123,-2.19194250844851,-0.9715218402233,0.9715218402233,-1.45735609549083,0.50081772350601,0.956538371984825,0.10446443883835,-0.10446443883835,-0.995053497848297,-0.219738357142782,1.12010607900551,0.0946857759855668,3.6048874980039,0.884523213901748,-0.621788305446768,-3.86762240645888,7.68559878215207
292,-2.705153588696,1.0724285023952,1.6327250863008,0.867520686382324,-0.630757909860912,-0.236762776521412,-0.504630886770873,0.462621749364056,0.527101777171931,-0.65311403835808,1.44340853673966,-1.27538713814669,-0.616963095520419,0.616963095520419,-2.03820731157772,0.874356999437226,1.1638503121405,-1.12418473679462,1.12418473679462,-1.39228770367823,0.329931728051185,0.801708900811936,0.260647074815109,2.98602858563576,1.41250364649432,-0.557556891604736,-3.84097534052535,4.20774549662159
62,-1.52565686727269,1.14439391379516,0.381262953477529,-1.41257846658612,0.821700726735214,0.590877739850908,-0.307623964114368,-0.215207441009402,1.67513291837748,-1.52249584458785,1.04424096544106,-0.674046634106922,0.124808220067316,-0.124808220067316,-1.48151231862738,0.373020162048719,1.10849215657866,-0.25883127468452,0.25883127468452,-1.45229720690682,0.541337109051518,0.851928078188546,0.0590320196667586,3.12217207192235,1.53435620764903,-0.730061786208621,-3.92646649336276,0.11602534933808
106,-2.52138463205661,-0.157012457727804,2.67839708978442,-0.894621099640559,-0.258744734151222,1.15336583379178,-0.454801336583435,-0.120952089866539,0.515310466555761,-0.479205182208091,2.138667473989,-1.5990193318867,0.0648521995157671,-0.0648521995157671,-1.49273273226761,0.449858628376016,1.04287410389159,-0.47139623661053,0.47139623661053,-0.488602422848684,0.237802535168051,0.304638992605742,-0.0538391049251088,0.190692126053627,0.594085881209605,0.191632872362346,-0.976410879625578,3.66300182927151
252,-2.26827042643112,0.868770581787263,1.39949984464386,0.341540918114225,-0.381226179464247,0.0396852613500219,1.14654798082919,1.13134439606274,0.198508779280334,-1.11909269655358,0.487196882475689,-1.84450534209438,-0.591304996471828,0.591304996471828,-1.62607390867694,0.738154098541324,0.887919810135615,0.782342971308226,-0.782342971308226,-1.36420661684342,0.0350287984875526,0.980652677496974,0.348525140858897,3.29177111110495,1.88460290226205,-1.23173556291796,-3.94463845044904,4.86852171484403
192,-2.34575653483585,1.07048708841311,1.27526944642275,0.0548609579509057,-0.585429310938024,0.530568352987118,-0.937352720874429,-0.15329581715443,0.697269258714105,1.16991462020133,0.258509582040368,-1.03504492292695,-1.90611189013179,1.90611189013179,-1.97364233622864,-0.696401798390479,2.67004413461912,0.382484956934387,-0.382484956934387,-0.811989142695635,-0.0823808341948309,0.377628922187458,0.516741054703008,0.503414678762563,0.352627279953103,-0.607963330197309,-0.248078628518356,4.23101920062467
218,-1.98877407674894,2.33858777025965,-0.349813693510712,0.948729471332148,-0.0175848630052323,-0.931144608326916,1.01379160907054,1.33997426820675,1.26655386355323,-1.20752022770434,0.227937118696837,-2.64073663182301,-0.0319855326566851,0.0319855326566851,-1.02555664917802,0.404309592291952,0.621247056886063,0.571130276970954,-0.571130276970954,-1.20484354106118,0.217738884563366,0.999445950025864,-0.0123412935280456,5.00495033712171,0.649999601462373,-0.916583550910202,-4.73836638767388,6.29425877765369
64,-2.95092641204395,0.352100573147673,2.59882583889628,-0.0122033075235995,-0.714635407858202,0.726838715381801,-1.63697202263998,0.0129832706396223,-1.2812834890287,0.87015435752721,1.32807939820907,0.707038485292778,-1.40673123049352,1.40673123049352,-1.10289722290488,0.621821995923995,0.481075226980885,-0.838315882775325,0.838315882775325,-0.99981344947801,-0.192371897494002,0.74477263574375,0.447412711228262,-0.637503221218829,-0.142154899791083,-0.127727164827216,0.907385285837127,-1.57046484564105
99,-2.08945186349061,0.361359156047818,1.72809270744279,-0.146823969216364,-0.21947170818231,0.366295677398674,-0.27306870546398,0.507601566202955,-0.248448570227997,-0.459054715934139,2.39444349147778,-1.92147306605461,-0.464677653103952,0.464677653103952,-2.15339364026349,0.430125985465369,1.72326765479812,0.328070781880982,-0.328070781880982,-1.03390195589411,0.179971168740103,0.398227619129951,0.455703168024059,1.65995731529744,1.5369428869784,0.0890041460177885,-3.28590434829362,4.84056484200314
212,-1.96900882946289,1.46249965824179,0.506509171221099,-1.87157319407414,-0.212927848383155,2.08450104245729,-1.26107853463586,0.516341548108572,1.21212435215497,1.2995984502775,-0.345137482680723,-1.42184833322446,-0.63362980413882,0.63362980413882,-2.12102594936943,-0.232058885579144,2.35308483494858,0.118572680539773,-0.118572680539773,-0.31071892287476,-0.0144005998395436,-0.212544077335638,0.537663600049942,-0.427638661255909,0.611649910112785,0.439465720106925,-0.623476968963801,4.3249307321552
91,-2.61289283415278,1.57250004129715,1.04039279285562,-0.696310163272319,-0.650978477311662,1.34728864058398,-0.486624110615868,0.163668911505451,1.35743810892143,0.00513760186622925,0.404046341850676,-1.44366685352792,-0.480714889205483,0.480714889205483,-2.96555183901534,2.00789047474399,0.957661364271354,1.28273562276545,-1.28273562276545,-1.42199401538006,0.389655195835184,-0.252325016595841,1.28466383614072,2.52261541337455,1.77973149662303,-0.479587506158531,-3.82275940383905,1.69862492728387
108,-2.95278586732365,0.730222878681219,2.22256298864243,-0.224316787619552,-0.626407877731073,0.850724665350625,-1.78448366967491,-0.273493875357993,0.205856774128962,0.723092306160216,0.559195822710238,0.569832642033483,-1.23433957363043,1.23433957363043,-1.55463092158529,0.534018874874286,1.02061204671101,1.05474123244332,-1.05474123244332,-0.859823101041126,-0.414565897914263,-0.0411875222511111,1.3155765212065,-0.469986765626688,-0.906397801881598,0.268891490636934,1.10749307687135,-1.44275027103683
190,-2.24741585459422,1.84996539032031,0.397450464273903,-1.05849484120329,-0.339549379566953,1.39804422077024,-1.0683018537634,1.17488287586155,1.74845985868997,-0.397215124339268,0.323164137786051,-1.78098989423491,0.239940721782891,-0.239940721782891,-1.1837219630678,-0.251641708827738,1.43536367189554,0.18755043243487,-0.18755043243487,-0.803030594711001,0.0191306635267102,0.438316725471745,0.345583205712546,2.63319715641733,1.37596295843791,-0.574961837437186,-3.43419827741805,4.58533605267238
237,-0.674316353003798,1.92117097450645,-1.24685462150265,0.0869434041253259,-0.623585687977418,0.536642283852092,0.721998091157337,1.05569758417165,0.981590831873468,-0.889439724476248,-0.788321290546654,-1.08152549217955,0.189583861851272,-0.189583861851272,-0.98059676183118,0.746106135819885,0.234490626011295,0.843753314798059,-0.843753314798059,-0.980793847638219,0.45612111127495,-0.325425129313499,0.850097865676768,1.8661601001642,1.93806999035535,-0.446600515941702,-3.35762957457785,1.4889970118249
281,-0.383297645102108,1.69239969511246,-1.30910205001035,-3.47249264977512,2.0883264306837,1.38416621909142,-1.10507507761005,0.308127635903925,0.211074282326152,-0.877556544234541,0.48045947285597,0.982970230758546,-0.8140715038153,0.8140715038153,-0.121672953154311,-0.0416844671177929,0.163357420272104,0.314636395521031,-0.314636395521031,-0.0423623828470934,-0.857022458544425,0.658022093290772,0.241362748100746,-0.328951890503827,0.804368727196113,-0.180551817760157,-0.294865018932129,-1.09110667672245
94,-2.80421430791785,1.14035404439756,1.66386026352029,1.12863472936485,-1.42575874438534,0.297124015020489,0.705214207258888,-0.426897431872341,0.26418458263532,-0.39954875383572,1.13547919099146,-1.2784317951776,-0.954374602665236,0.954374602665236,-1.34110808960215,-0.185660318697463,1.52676840829961,0.754716421245356,-0.754716421245356,-1.34316888518527,0.281138535547911,0.100291818008064,0.961738531629298,1.80242763711846,1.58421254226858,0.00707164921364211,-3.39371182860068,1.29683535936956
276,-3.05903907197404,1.46406629054599,1.59497278142805,1.08068199380383,-0.975229567446211,-0.105452426357619,-1.04382349274221,0.746668977860324,1.45332430442595,0.112956494111931,0.280073267971771,-1.54919955162777,-0.946662107415573,0.946662107415573,-0.556342380970211,-0.289870522800801,0.846212903771012,0.700491932238092,-0.700491932238092,-0.718936542344486,0.199801815806052,0.103774538268781,0.415360188269653,-0.485607996820002,-1.61728004936321,0.90985604638381,1.1930319997994,-0.246034542200499
274,-0.686996191137238,-0.473657073591272,1.16065326472851,-1.03516852624833,0.665773079957633,0.369395446290698,-1.01046794326359,1.6139827206395,0.00593870975398156,-1.73664656020637,1.9000267715914,-0.772833698514922,-0.193184890302776,0.193184890302776,0.00830058772510279,0.00823577374486829,-0.0165363614699711,0.322597786319978,-0.322597786319978,-1.67249238959524,0.177237254933818,1.15901764875744,0.336237485903988,2.31122716899446,-0.592233730391882,-1.0399259723088,-0.679067466293769,-0.213600113625195
39,-0.784646488660207,1.48180825379426,-0.697161765134051,-1.9462189591118,1.53194706162689,0.414271897484903,-0.632735315688154,-0.430494132735123,1.14018173000562,-0.824327470725994,-0.430018747478962,1.17739393662261,-0.378730423429455,0.378730423429455,-0.92609120341604,1.34959455365075,-0.423503350234713,0.329256971726015,-0.329256971726015,-0.00320306021946571,-1.34546692202224,0.712603658102179,0.636066324139522,1.60045202013268,0.586849176646222,-0.579132398012903,-1.608168798766,-0.015017103605156
169,-3.02684504241183,2.60674341879307,0.420101623618757,1.45644366705965,-1.02891329470192,-0.427530372357732,0.41134789611121,1.07701287470777,1.58950147817133,-0.666966406045342,-0.345609226705578,-2.06528661623939,0.578311978232579,-0.578311978232579,-0.674206034386648,-0.725440209460958,1.39964624384761,0.0136386435124515,-0.0136386435124515,-0.922375757896596,0.961496898771254,-0.257802255070936,0.218681114196278,3.15691498540958,1.34074057143628,-0.671293760775339,-3.82636179607052,2.56872288687059
147,-1.87763253016366,0.0549883711510178,1.82264415901265,0.134956455844977,-0.22416783530703,0.0892113794620534,0.171173537165716,0.389598591483906,1.14278575829815,-0.398495965222582,0.99215826909721,-2.2972201908224,-0.217142103255608,0.217142103255608,-2.07285313854063,0.403677586111895,1.66917555242874,1.07869471633452,-1.07869471633452,-0.733963351054079,-0.195804611902436,-0.123128939054285,1.0528969020108,2.71806836064217,1.43037739042392,-0.4525704558777,-3.69587529518838,8.05514093102933
7,-2.62277779143427,0.881233273946427,1.74154451748784,0.3914548400515,-0.838343637631789,0.44688879758029,-1.25050192482513,-1.30097695018053,-0.0502573214867109,2.28053061710658,1.73332108265099,-1.4121155032652,-1.38933875280667,1.38933875280667,-1.57615065248871,-0.0961450518189511,1.67229570430766,-0.0558171001051625,0.0558171001051625,-0.514559536269063,0.533808036551289,-0.596286007878885,0.577037507596659,-1.39872831030385,0.233699820304995,0.355814055685519,0.809214434313333,3.33270346840144
223,-2.37731270186213,2.83902944059267,-0.46171673873054,-1.17365923216803,-0.453434324536159,1.62709355670419,-0.354438598111936,0.151302659150767,-0.0180394628018501,-0.698631856759625,1.0507690514669,-0.130961792944257,0.424636578437662,-0.424636578437662,-0.245599026768817,-0.412520735678788,0.658119762447605,-0.608715621071364,0.608715621071364,-0.377690073035326,0.157084874968313,0.468860381292209,-0.248255183225197,-0.895355502204723,1.14533962530092,0.56026502859354,-0.810249151689733,-1.58754134460814
113,-2.1942959531283,1.61065440787274,0.58364154525556,0.230786479165829,-0.748265466586038,0.517478987420209,1.23600209786403,-1.02418531777932,1.16815027403718,-0.580938713383523,0.144389733403042,-0.943418074141406,0.359071126118603,-0.359071126118603,-1.29221846056215,1.50131171620455,-0.209093255642395,0.971090158377895,-0.971090158377895,-0.889167261654025,-0.624947806809245,0.844612451319051,0.669502617144219,1.02124683354113,1.41725709559036,0.292095745155684,-2.73059967428718,0.906260054502143
224,-2.93074616158387,1.4724190674582,1.45832709412566,-0.564378798646566,-0.895197022369033,1.4595758210156,-1.17076944535493,0.081254182149959,0.192631667388698,0.691088216451439,0.832429669209706,-0.626634289844876,0.181849959441008,-0.181849959441008,-2.61285772180804,0.531563703915944,2.0812940178921,-0.122873245681257,0.122873245681257,-0.928911703754195,-0.328132346178308,0.990538238542092,0.266505811390412,-0.872642000524441,1.63302176903826,0.75799710575993,-1.51837687427375,-0.586575128716825
47,-2.64356593257862,0.593573224473771,2.04999270810485,1.6839552838111,-1.21488137681011,-0.469073907000997,0.589641216461599,0.228279151685582,0.409523917827698,-0.855670013132324,0.971669277414475,-1.34344355025703,-0.757199674954628,0.757199674954628,-2.58507558113287,1.73040906776387,0.854666513368995,0.340259411711348,-0.340259411711348,-1.3947217142764,0.0983977761276237,0.422801170289426,0.873522767859348,2.39199516605735,1.1033435889975,0.190482657965338,-3.6858214130202,1.50958479151672
163,-2.67505512695988,1.84712468130061,0.827930445659267,-0.65681566878113,-1.20305663472336,1.85987230350449,-0.303716904056867,0.430978929194766,1.79513491517438,-0.24835998478257,-0.241292533243924,-1.43274442228579,-1.06108521769627,1.06108521769627,-3.40576460271358,1.38190898060423,2.02385562210935,0.35005727153504,-0.35005727153504,-1.28770503046781,0.272315453625778,0.248582414234394,0.766807162607635,2.21505239617439,3.02271052663925,-0.700121538803796,-4.53764138400985,2.7061422587408
194,-2.12742865671756,1.46774947918467,0.659679177532898,0.427960109783229,-0.27289340945107,-0.155066700332158,0.112542573064817,0.225162668188286,0.202811697458612,-0.934510678580064,1.10707145204804,-0.713077712179689,0.203067218799791,-0.203067218799791,-1.14889012600076,0.968533388211019,0.180356737789743,-0.241704025285587,0.241704025285587,-0.680992969952235,-0.102172508020902,0.800039327947268,-0.0168738499741311,1.15410332964403,0.127272781008582,-0.408930238323211,-0.872445872329405,1.5737640977007
168,-3.87481364178246,0.682024542096247,3.19278909968621,0.535563946848541,-1.50374957044164,0.968185623593104,-1.3414673243915,-0.226717935649333,-0.344551149678636,1.35933169248062,0.765229570059889,-0.211824852821038,-0.0477781345627286,0.0477781345627286,-2.01362279887949,-0.410148554548742,2.42377135342823,-1.31803191664702,1.31803191664702,-0.689233068280252,1.0893481732431,-0.639006618735566,0.238891513772714,-1.06263061836824,0.674075681393762,-0.126612952643626,0.5151678896181,-0.697146111071729
185,0.799595057336802,0.513560513632251,-1.31315557096905,0.703611894804973,0.510584321248523,-1.2141962160535,0.286571462719595,1.83192775518316,1.19345589394364,-1.575546819409,-0.323564977694165,-1.41284331474324,0.129162858175373,-0.129162858175373,0.412593648836047,-0.367448466476518,-0.0451451823595292,0.959409414009207,-0.959409414009207,-0.454402803695501,-0.600876971973672,0.263106092829589,0.792173682839584,3.3134701928409,0.683397670379917,-0.487982170193615,-3.5088856930272,2.58883217910504
213,-3.22685195616377,2.15288154526544,1.07397041089833,0.999315560707526,-0.815608323521403,-0.183707237186123,-0.493626215354776,0.511413498332865,-0.410529751583529,0.0826187803045743,-0.330842479152578,0.640966167453443,0.550299447608732,-0.550299447608732,-2.82323294713919,0.570219628977333,2.25301331816185,-1.03872532785684,1.03872532785684,-0.781899282607678,-0.336906863574961,0.395406845156941,0.723399301025698,0.186103718381119,1.78708957772402,-0.302942923782849,-1.67025037232229,-0.338450117871613
206,-0.644565430387843,2.36489417491019,-1.72032874452235,-1.21634378389322,0.114441231545659,1.10190255234756,-1.16501310157012,1.8935799291262,0.818201250449762,-1.34828408669249,0.797410810047757,-0.995894801361104,-0.059778392534577,0.059778392534577,-1.34727139214733,0.860815800134491,0.486455592012839,0.77597409494954,-0.77597409494954,-0.315618201639986,-0.0324988754708185,0.275673341383473,0.0724437357273315,2.68125904101156,1.24063679738954,-0.534308122910204,-3.3875877154909,0.983472698507447
229,-2.93953677401378,-0.390313517502884,3.32985029151667,0.345832083407904,-1.06376611141425,0.717934028006343,-0.340617937214197,0.742808728453273,0.989989180797673,-0.913064688240387,0.967567930078164,-1.44668321387453,-0.476102792436082,0.476102792436082,-1.17743875872553,1.1327591252237,0.0446796335018373,0.31571750113956,-0.31571750113956,-0.955972225526046,0.450675722390627,0.780356332924101,-0.275059829788682,-0.330845367520554,-0.282459738614122,0.226081397645979,0.387223708488697,-0.0611149054355622
208,1.6682332009449,-0.824963179622178,-0.843270021322723,2.14137015910435,-1.04555759666214,-1.09581256244221,1.92437227284109,1.20963189375548,0.3330844298444,-1.34043953895652,-0.0252779144132769,-2.10137114307117,0.392612755113449,-0.392612755113449,0.659388758398978,-0.663862713681644,0.00447395528266603,0.802824703082741,-0.802824703082741,0.142013156688283,0.0652522036808636,-0.0483256173618995,-0.158939743007247,3.60973224896272,0.562641801979968,-0.681664848359615,-3.49070920258307,3.71511667952252
19,-0.0305339922030097,0.669954378604104,-0.639420386401094,1.47601421028587,-0.479017877898619,-0.996996332387249,1.74356865954093,0.963932596635082,0.622164089429802,-0.904902955503936,-0.319892063980559,-2.10487032612132,-0.0297398183593585,0.0297398183593585,0.415736117682025,-0.666888468224176,0.251152350542151,0.643483772973809,-0.643483772973809,0.564134650376271,-0.974054990646545,0.29440911275447,0.115511227515803,3.18619601559778,0.345496207703276,-0.46866021758999,-3.06303200571107,5.88433781639592
248,-1.2886262495548,1.99763774645521,-0.709011496900402,-1.51210743128273,0.0421156927434557,1.46999173853927,-0.766631995088419,0.986607911607629,1.3202025343543,-0.106241805675307,0.117879009881464,-1.55181565507967,-0.424387214119746,0.424387214119746,-1.26650003263204,0.00511787815758282,1.26138215447446,0.448937444699248,-0.448937444699248,-0.587246469546794,-0.142243012066986,0.389516291010979,0.339973190602802,1.03546554075272,1.58419050173239,-0.0283638322059533,-2.59129221027916,5.95879987080667
176,-2.07012786894821,1.60018420554543,0.469943663402775,0.220206325988383,-0.564955276404426,0.344748950416042,0.702291412345539,0.143142008692368,1.78629709081517,-0.776381648393588,0.380426295145535,-2.23577515860503,-0.591981394584671,0.591981394584671,-1.1336576175033,0.883245221739641,0.250412395763662,1.1711744496602,-1.1711744496602,-0.884090732894855,0.859297890181219,0.568175652251347,-0.543382809537711,2.41033686494324,1.834489248536,-0.561882123985036,-3.68294398949421,5.70765202736474
135,0.681422963588714,0.772053762514172,-1.45347672610289,-1.29629161589408,0.210767956249441,1.08552365964463,-0.247305423137027,0.075421503425164,1.120786193564,-1.483225656241,1.35459657057856,-0.820273188189695,-0.0978816494191131,0.0978816494191131,0.232499804847702,-0.00100154597003077,-0.231498258877672,0.582964306666546,-0.582964306666546,-1.06382239295396,-0.0814403137118761,1.4050493186684,-0.259786612002563,2.7624752037784,0.767814726710164,-0.34334923393008,-3.18694069655848,2.49016140912048
92,-2.85176390679731,1.17848095720585,1.67328294959146,-0.977901527481219,-0.966300995304549,1.94420252278577,-1.95499355794404,-0.835241785186002,0.899290069767648,1.09365741995241,0.910085357710786,-0.112797504300793,0.59395193784827,-0.59395193784827,-0.421935800877257,-0.0977620473697227,0.519697848246979,0.297874870214238,-0.297874870214238,-0.888865281609024,-0.47216471822133,0.357656571669762,1.00337342816059,-1.22042265093634,0.974679560054134,0.700889378072906,-0.455146287190697,-1.34200813672415
151,-2.76763596816044,0.695451701070456,2.07218426708998,-0.544444832464627,-0.60609569706946,1.15054052953409,-1.03844905690788,0.606755666509783,0.803288753932605,-0.315735945839851,0.667522880754705,-0.723382298449365,-2.11469898939458,2.11469898939458,-1.9607269709346,-0.0562051854389118,2.01693215637351,0.0682908723064054,-0.0682908723064054,-1.07647060057924,0.0497348739632669,-0.221409032714265,1.24814475933024,0.693394020151246,0.930382965488038,-0.486937604655095,-1.13683938098419,2.72536931236291
184,-1.07302138924903,0.890181527667903,0.182839861581131,-1.73604819903304,2.02767572148179,-0.29162752244875,-0.218750087070839,0.0434938921876033,-0.332474205516325,-1.63881610488057,2.30424967951378,-0.157703174233652,0.0805853853053511,-0.0805853853053511,-0.143556006038279,-0.380357546847398,0.523913552885677,1.08047402320251,-1.08047402320251,-0.53165778156282,-0.578893279114727,0.316569511762398,0.79398154891515,1.74923140944777,1.56554032823692,-0.49123975950238,-2.8235319781823,-0.75813194058828
271,-2.87799072475516,0.19042267001935,2.6875680547358,0.0887066868156592,-0.772738470344194,0.684031783528535,-0.296466950532574,-0.0231065775118883,0.688241373779108,-0.530685407098648,1.75137856943005,-1.58936100806604,-0.804547006630651,0.804547006630651,-1.85564728135592,0.376280912227371,1.47936636912855,-0.337812568935479,0.337812568935479,-0.736087984850678,0.972371658358503,-0.180427872166577,-0.0558558013412477,0.359988290097549,1.98487412033648,-0.01982488416233,-2.3250375262717,3.95211737699715
141,-2.32761838176246,1.78145778981647,0.546160591945983,-0.948094347052518,-0.276408866391931,1.22450321344445,-1.70259622290673,0.349420433791074,1.27725543216475,-0.381225788211111,1.3620026233096,-0.904856478147579,-1.19465378340843,1.19465378340843,-0.128241686923573,0.29221413632046,-0.163972449396887,0.21212247739957,-0.21212247739957,-1.18921008059141,0.244065560326968,0.454143165758116,0.491001354506323,2.0294206945947,1.12399640244746,-0.432660559580753,-2.72075653746141,2.48566319375944
171,-1.45088232554888,0.658139013233807,0.792743312315071,0.16394132898049,-0.0751744355140553,-0.0887668934664342,0.325722209300445,0.870344587525387,1.37198711394248,-0.55227383940428,0.243182195489796,-2.25896226685383,-0.190718733805305,0.190718733805305,-1.73234605571744,-0.431851657133047,2.16419771285048,-0.0441298121245802,0.0441298121245802,-0.871042203000998,0.0418475118432165,0.145761649431156,0.683433041726625,3.01720908600701,0.853958617455651,-0.294232176511647,-3.57693552695101,8.17901050358607
279,-2.26608430138451,2.31363917880109,-0.0475548774165726,0.439496293331868,-0.268544691559911,-0.170951601771957,-0.152403213662593,0.559372915021758,1.82510058403523,-1.13672906889359,0.428539231717611,-1.52388044821841,-0.647227366690567,0.647227366690567,-1.41434335371239,1.1330456017304,0.281297751981989,1.0780651156009,-1.0780651156009,-1.58764013831015,-0.229463979823266,1.52818035440819,0.288923763725231,4.26664075709699,1.79048283999683,-1.26267860106388,-4.79444499602994,2.52824915407047
115,-3.76844042458777,0.19461731817702,3.57382310641075,1.24636888199611,-1.77373145457809,0.527362572581975,-0.323369398723014,0.290134421865844,0.812059322598731,0.667837545941937,0.301438090816916,-1.74809998250041,0.323937832644287,-0.323937832644287,-2.53746611751163,-0.536559492919296,3.07402561043093,-0.275794808086352,0.275794808086352,-0.997816818002138,1.04146085577448,-0.366603275937294,0.32295923816495,0.735143556785389,0.916729321118106,0.0433216953001225,-1.69519457320362,1.5216845736776
32,0.297395602727472,0.868864598486064,-1.16626020121354,-0.959905994718953,0.956280688139562,0.00362530657939075,1.00001263123644,0.362026694186412,1.49140896876654,-1.14401520541619,0.380646101162663,-2.09007918993587,-0.190376418585138,0.190376418585138,-0.719871391992464,0.118917727646289,0.600953664346174,0.807398491206804,-0.807398491206804,-1.27433758895183,-0.100204168718969,1.38614450442925,-0.0116027467584505,3.99991189003252,0.663437419175492,-0.682547497551032,-3.98080181165698,6.80557230137025
3,-2.58415600783799,1.44981326886359,1.1343427389744,0.51266026337003,-0.797687270080353,0.285027006710322,0.255744750806393,0.77543670686527,1.10662993424946,-0.456633852760288,0.269628109979401,-1.95080564914024,-0.474083419081197,0.474083419081197,-3.64928099857279,0.435208523557541,3.21407247501525,0.533805449240742,-0.533805449240742,-1.3012460211569,-0.41942336677543,0.948581692143092,0.772087695789237,2.73884832265435,2.80876400316034,-0.785445843455348,-4.76216648235934,3.94649778031426
152,-2.83381640631434,1.09962732784702,1.73418907846731,0.506007712824149,-0.838288619591166,0.332280906767018,-0.0540958034804762,0.106201800178843,0.923782549029712,-0.237926750326119,1.17766775092124,-1.9156295463232,0.00660485205773899,-0.00660485205773899,-0.868011014638305,-1.35273588292565,2.22074689756395,-0.14302338048151,0.14302338048151,-0.726014998574748,0.521425503052742,0.0838109748481285,0.120778520673878,0.750826986704998,-0.633271807281211,1.1958736357979,-1.31342881522169,3.02118196043643
174,-2.21482198155007,1.90580336949359,0.309018612056472,-0.56849656314098,-0.462620478639324,1.0311170417803,-0.47245957372015,0.0809384291333581,0.632863342152051,-0.16027558612651,0.743902116418286,-0.824968727857035,0.531314951623272,-0.531314951623272,-1.76816756560033,0.912900479314831,0.855267086285503,0.0662558731019345,-0.0662558731019345,-0.797519737359207,-0.678696888638724,1.04140531384037,0.434811312157564,-0.00294426451305684,1.75874861781401,-0.233409727861372,-1.52239462543958,1.4040956802719
109,-2.80346617178616,0.663504790365333,2.13996138142083,0.0323959705157785,-1.00916778941197,0.976771818896188,-0.966597664699926,0.56002650936994,0.341593154220518,0.32156449604923,0.308050239222281,-0.564636734162042,1.05003595180556,-1.05003595180556,-1.78150724819091,0.726792090088603,1.05471515810231,-0.200757390714502,0.200757390714502,-0.699606837449289,-0.30445184771224,0.291575017803004,0.712483667358526,-0.712433656177911,-0.975613941288181,2.11040649778167,-0.422358900315576,-0.68663207560185
79,-2.17873549906615,0.704300183024669,1.47443531604148,-0.134654625055248,-0.278531769386129,0.413186394441376,0.0153678813425939,-0.324013939889254,1.03754594912578,-0.686602570131364,1.03017044628235,-1.07246776673011,0.029914460334062,-0.029914460334062,-2.51111670092014,1.5010184423492,1.01009825857094,-0.155941631848039,0.155941631848039,-1.26682382170794,-0.32415016050713,1.08913698105025,0.501837001164817,2.75566482847747,2.30529278343665,-1.03086457169821,-4.03009304021592,4.13770780338519
160,-1.94530126892097,0.590394762100084,1.35490650682088,0.496714621300329,-0.669524100132383,0.172809478832054,0.251571908740021,0.190083504592212,1.93226198191229,-1.35655238303594,0.984690382262497,-2.00205539447108,-1.0787257194501,1.0787257194501,-1.50292727963602,0.73890485200407,0.764022427631953,1.0661222517836,-1.0661222517836,-1.88091857660264,1.07211468465445,0.752329901750629,0.0564739901975666,5.46613146726891,1.4825009822348,-1.67905523102382,-5.26957721847989,2.93362836784039
88,-1.77164886191863,1.22426875708769,0.547380104830933,0.0648573125348106,-0.148463842140364,0.0836065296055537,-0.415500294010191,1.06948169255559,1.19413540292857,-0.358739879954699,0.0516794429449739,-1.54105636446424,0.25902443158856,-0.25902443158856,-2.53342610667174,0.976589591788257,1.55683651488348,0.492911524600456,-0.492911524600456,-0.763713668309293,-0.354465954738007,0.502367285762574,0.615812337284726,1.03055637432808,1.30287451339756,0.662175873692753,-2.99560676141839,4.94800351436293
207,-1.42438000514616,0.169803302439757,1.2545767027064,-0.350762787622478,-0.811960424215846,1.16272321183832,0.365380376056351,0.875906614058157,1.3423889539821,-0.673127672703121,0.230061521019605,-2.14060979241309,0.547303140181042,-0.547303140181042,-1.96349059892551,0.0642213134908566,1.89926928543466,0.918136949660985,-0.918136949660985,-1.18956647953795,0.527258059670289,0.050471142646082,0.611837277221577,3.43078419039246,1.95767287474073,-0.829566290921082,-4.55889077421211,5.04060918347604
197,-3.11053958384475,1.26117057151633,1.84936901232842,1.67067284529152,-1.40078745132418,-0.269885393967343,0.881803105154744,0.612565530928434,1.50997320367491,-0.845792504657335,-0.317081428780902,-1.84146790631985,-1.08086763940915,1.08086763940915,-2.92492138520462,1.56417399531562,1.360747389889,0.103464233661643,-0.103464233661643,-1.54234886825463,0.869778581951495,0.525133877798125,0.147436408505015,3.90116145100376,2.24474668023082,-1.08462989702154,-5.06127823421305,2.98526904524756
56,1.13372194845306,-0.0787427247595772,-1.05497922369349,1.18674376518357,-0.512536085445448,-0.674207679738119,1.34274846622509,1.02561433383854,0.262875114844958,-0.739291674861026,0.214096481037676,-2.10604272108523,0.0193840626039081,-0.0193840626039081,-0.0201258695775892,-0.69500917334026,0.715135042917849,0.37871088586153,-0.37871088586153,1.22966831003106,-0.595099188836152,-0.224644255391828,-0.409924865803078,2.14614535702359,0.170749629747821,-0.0935839055411885,-2.22331108123022,6.39282145582265
201,-3.48107384018947,1.00370710621003,2.47736673397944,0.844818196371387,-1.44113265362843,0.596314457257039,-0.519157148208861,-0.621085690711426,-0.264935812306712,1.24964570900951,0.0546600699358089,0.100872872281677,-0.182454709979432,0.182454709979432,-1.89524189535322,0.892723898730446,1.00251799662277,-1.68061579916097,1.68061579916097,-1.12405967778802,0.429416785320564,0.0110116368573749,0.683631255610082,0.105843499254895,1.1754368449605,-0.635308069793469,-0.645972274421926,-1.11988579750967
283,-2.38539275878633,0.757506367734961,1.62788639105137,0.688855398362089,-0.910512882798988,0.221657484436899,0.242673259663445,0.606109336423998,0.942205825264676,-0.0770094038635202,0.471303416536102,-2.1852824340247,0.0478788271507621,-0.0478788271507621,-2.10187467647292,-1.35110138948505,3.45297606595796,-0.131275351009735,0.131275351009735,-0.47025168599722,-0.0822288528540272,0.138073616079129,0.414406922772118,-0.0224919453186449,-0.234509798260793,1.61097774114072,-1.35397599756129,4.62740727778703
84,-3.21669542347641,0.100504544879106,3.1161908785973,-0.391201767959107,-0.984585957960566,1.37578772591967,-2.01422494240148,-1.24697175325541,0.0751350336938143,0.78922555451714,1.1324489756599,1.26438713178603,-1.45151270567105,1.45151270567105,-1.7373779384158,1.19693786148989,0.540440076925919,-0.291519848013213,0.291519848013213,-1.18282318868834,0.248693980024021,-0.105233303772747,1.03936251243707,-0.809759453958308,0.744499959675103,1.04528779994476,-0.980028305661556,-1.81416331640288
29,-2.81544698436777,0.701829883565979,2.11361710080179,0.07203576371198,-0.290339247719965,0.218303484007985,-1.99263684255933,-1.03510714189579,-0.339024691527378,-0.61120391340499,2.24292744165956,1.73504514772793,0.234635512760132,-0.234635512760132,-0.595632449636423,0.051872138844694,0.543760310791729,0.111461712913237,-0.111461712913237,-0.719677089667258,-0.118316344245599,-0.0897646847038695,0.927758118616726,-1.42190499978253,0.00581722272776079,1.21202950253448,0.204058274520286,-2.00142845082689
128,-2.84814146838218,1.14390306072386,1.70423840765832,-0.660791548763326,-0.88360349004594,1.54439503880927,-1.15443213810584,-0.278380754354316,0.00820150989469256,1.07438351695366,0.354865699040967,-0.0046378334291694,-1.69698980187538,1.69698980187538,-2.41866058767464,0.035959193451853,2.38270139422279,0.575864164075068,-0.575864164075068,-0.695931942768021,0.903318851661402,-0.713462394816836,0.506075485923455,-0.188141055043001,1.78948011403786,-0.0787148922197938,-1.52262416677507,1.88981985933153
179,-0.513528522396197,0.71099006409953,-0.197461541703333,0.812673250751787,-0.645583903146124,-0.167089347605663,0.383473091467051,0.1180107171215,0.813075213877593,-1.00340398711214,0.953283763361906,-1.26443879871591,-0.472120298247697,0.472120298247697,0.211807744284131,0.351534163774595,-0.563341908058726,0.898355844490132,-0.898355844490132,-0.775069256989334,-0.402543571985454,1.32568429344825,-0.148071464473466,2.15384454249008,0.446835285116299,0.190302453246502,-2.79098228085288,2.7487946308585
37,-1.9630609247134,2.06177111201139,-0.0987101872979934,0.928124925760392,-0.475899367150172,-0.45222555861022,0.631667270842887,0.873492150150802,1.33704035737824,-0.209020231070327,-0.0896345210479264,-2.54354502625367,-0.055829496301486,0.055829496301486,0.191891966809109,-0.985802121855298,0.79391015504619,0.353764047459371,-0.353764047459371,-0.622358708552696,0.618489041966886,-0.366973468921591,0.370843135507402,3.03728559384611,0.406293897805825,-0.551706428112834,-2.8918730635391,7.64766017215087
180,-0.242429678467888,0.627869633238011,-0.385439954770124,-0.705655868869814,1.73607274880813,-1.03041687993832,-0.636352790049697,0.787101640066122,0.244994865879135,-0.835662391772384,1.22442518638289,-0.784506510506068,-0.830381583936022,0.830381583936022,-1.15381679828688,0.461225928945695,0.692590869341188,0.452064504640451,-0.452064504640451,-0.791086778758102,0.109611937522643,0.448959831344393,0.232515009891066,0.934315639375856,1.10329210535106,0.255750225675413,-2.29335797040233,3.20842368722924
75,-1.21768238595811,1.05356323978465,0.164119146173459,-0.750156455228192,0.040717243835109,0.709439211393083,-0.691307870367291,0.186903768475736,0.198991991387695,1.65182221984754,0.12176683696402,-1.4681769463077,-0.895431529576628,0.895431529576628,-1.25916780834963,-0.299737817773094,1.55890562612273,0.38478400771547,-0.38478400771547,-0.22855445669689,-0.265819613344448,0.400844115336147,0.0935299547051918,0.139099248094565,-0.110136512423919,0.0858602789720923,-0.114823014642738,6.01859343412172
286,-2.30553185576025,1.05335322154336,1.25217863421688,2.19682654956881,-1.36932560760301,-0.827500941965801,1.08059526047258,0.73293724283117,1.33169272233938,-0.803895863616549,0.144956352395645,-2.48628571442223,-0.364427646105932,0.364427646105932,-0.424467251144221,-1.16915110007547,1.59361835121969,0.230467890060988,-0.230467890060988,-1.8750951684693,0.692532422090078,0.998571557871381,0.183991188507842,3.88520704048298,1.07935073722174,-0.622386784811873,-4.34217099289285,2.61715837108528
42,-2.06274877579691,-0.0362140028446311,2.09896277864154,-0.991862687988452,0.10574245252596,0.886120235462492,-1.8385549709877,-0.199294281626464,0.435817152771229,-0.987553472092928,0.469376018094421,2.12020955384144,0.0617891801188961,-0.0617891801188961,-1.50871412150418,0.574739638498103,0.933974483006077,0.0975931006754968,-0.0975931006754968,-0.479541156784237,-0.364424923240743,0.332112562117686,0.511853517907294,-1.14461223512769,0.209502337036346,0.911699881308862,0.0234100167824784,1.89708085784635
260,-2.51123384953643,1.9418932839328,0.569340565603633,-0.176425543090149,-0.30953289112952,0.485958434219668,-0.477730108601287,0.448629987946707,-0.470122532156663,-0.832770359805317,0.339014698085803,0.992978314530757,-0.0465724309361839,0.0465724309361839,0.349779549135561,-0.962398088574913,0.612618539439352,-0.701515353667411,0.701515353667411,-0.724976977422263,-0.503107057341011,0.287036137765184,0.941047896998089,-0.0465442505181632,-1.3165251555611,0.198131148960567,1.1649382571187,-2.24127966581524
294,-0.932029518610419,-0.168260588242828,1.10029010685325,0.426567902191993,-1.33020747919748,0.903639577005489,-0.616958758600482,0.33668988233539,2.32921401684342,-0.881045748671551,0.657050877700919,-1.8249502696077,-0.330491399130395,0.330491399130395,-0.898495386500592,-0.849977594505404,1.748472981006,0.539347223734643,-0.539347223734643,-1.26358638697236,0.0536910239283508,0.604624251270838,0.605271111773166,3.87523016904159,1.9347689211186,-0.824918842857206,-4.98508024730298,1.77919076445186
161,-2.64848814955251,1.91764408510375,0.730844064448761,0.4461709109144,-0.463779562359489,0.0176086514450892,-0.0845164207310718,0.806166762542846,1.55585780691507,-0.213059530394003,-0.391887336586059,-1.67256128174678,0.479863498616517,-0.479863498616517,0.224412703576661,-0.124294682291124,-0.100118021285536,0.72354329188537,-0.72354329188537,-0.573674773583269,0.237893339295626,-0.47109216089758,0.806873595185222,1.14564762116624,-0.567200403460092,-0.10268753254426,-0.475759685161893,4.58514768951414
116,-1.7429475435863,1.1492780965629,0.593669447023395,0.157518595427021,-0.156045896526022,-0.00147269890099905,0.632652102965711,-0.555080601834599,0.00115939190547392,0.0795073953796586,0.873376322697824,-1.03161461111407,0.221680344095568,-0.221680344095568,-0.380155148010757,0.352165989145132,0.0279891588656254,-0.636968870395204,0.636968870395204,-0.351913055038189,-0.192659413763428,0.365740378275685,0.178832090525933,-0.276900849432432,-0.287522743910438,0.60978176919878,-0.0453581758559091,3.24062313699477
85,-2.34439829986113,2.00590107214614,0.338497227714987,0.799643214595891,-0.306847946996128,-0.492795267599762,0.111434600770539,0.543069637447714,0.668031895265255,-0.821820343910451,1.35162989678067,-1.85234568635373,0.185858561047791,-0.185858561047791,-1.41764183488453,0.0171952821012577,1.40044655278327,0.963084200696599,-0.963084200696599,-1.05132869917142,-0.0509513130936191,0.472544492980179,0.629735519284861,2.8606266637917,1.56905142956967,-0.685286288041819,-3.74439180531956,3.99688455716704
155,-3.31374784336304,0.391209675659151,2.92253816770389,1.03372298401239,-1.07287423946059,0.0391512554482054,-1.2091875461747,0.69205925615339,0.492050131422373,-0.340831332554733,0.601726992728451,-0.235817501574785,0.819114461843404,-0.819114461843404,-1.56346770933599,-0.116239235773219,1.67970694510921,-0.963710466368759,0.963710466368759,-0.719333724940418,0.387439965690759,0.363564505208418,-0.0316707459587584,-0.354436963325158,-0.46989621909388,0.690330077074101,0.134003105344937,-0.256880861144795
146,-1.13232401016899,1.19436345711275,-0.0620394469437653,-0.251923723126879,0.00504767652552236,0.246876046601357,-0.0806721560673511,0.573721208380204,1.11590112204845,-0.221936625549771,0.626564653414269,-2.0135782022258,-0.617621108512867,0.617621108512867,-1.21974516406368,-0.236519703092838,1.45626486715652,0.27215041713544,-0.27215041713544,-0.483566500842092,0.0095881430266777,0.174848623713668,0.299129734101746,2.06321281421564,0.887339267748237,-0.140332432706729,-2.81021964925715,8.57261617709903
4,-3.08947982102513,0.62612957772819,2.46335024329694,0.0735709487183116,-1.04266195867722,0.969091009958907,-1.0101522975593,-0.4136488588094,-0.615559779704037,0.91637591398969,0.418477803630205,0.704507218452841,-0.522501455274262,0.522501455274262,-1.24977400349568,0.720891945984896,0.528882057510781,-1.59907670575162,1.59907670575162,-0.631539324695471,0.462491965496857,0.701742756025782,-0.532695396827168,-1.98314665126127,0.11905948731202,0.713383226622051,1.1507039373272,-2.13626458011014
257,-1.58127039489351,2.31473761229518,-0.733467217401664,0.0422637157485002,-0.255917870372141,0.213654154623641,0.00789335441356488,0.200759621292323,0.525144815752506,0.122937093752862,0.731460147711053,-1.58819503292231,-0.123190744716334,0.123190744716334,-0.469278166965545,-0.233754121055426,0.703032288020971,0.200903140062647,-0.200903140062647,-0.443522688477727,0.29821005520196,-0.00299786744803973,0.148310500723807,0.529026916033715,1.36065640659978,0.154097315077695,-2.04378063771119,5.13865066598379
209,0.0971779400530981,0.996821060556698,-1.0939990006098,0.742604377247484,0.778672830258372,-1.52127720750586,0.827279518426963,1.61258836432851,0.780545159248745,-1.38436639359331,0.10929322802734,-1.94533987643825,0.158438568722636,-0.158438568722636,1.01123253317196,-1.06772078217994,0.0564882490079732,0.591356125389046,-0.591356125389046,-0.601984666827743,-0.0614477418628268,0.977417541872243,-0.313985133181673,3.16456352079479,0.410657902622979,-0.609973653945003,-2.96524776947276,4.84812079993308
73,-2.36915494346105,1.8073298782244,0.561825065236657,0.471350707122429,-0.648096585721693,0.176745878599264,0.7555203945917,-0.553231946531642,0.33283347337909,-0.387330922895633,1.19341311137353,-1.34120410991704,-0.510191973427975,0.510191973427975,-2.10401807340109,0.478288895676302,1.62572917772479,0.116312552407103,-0.116312552407103,-1.05230699540968,-0.829819419009727,1.42169421627672,0.460432198142689,1.83042274884537,1.80258312767838,-0.427222697101659,-3.20578317942209,2.56545171652486
287,-1.19569964191164,0.236465435366445,0.959234206545191,0.349752336406801,-1.21862452866747,0.868872192260667,1.12127575947495,0.37788574538955,0.241547307220632,-1.02966685737882,0.679841382714475,-1.39088333742078,-0.508578334190451,0.508578334190451,-1.48477743130165,0.573204247434066,0.911573183867581,0.97506102352209,-0.97506102352209,-0.113193644432584,-0.403611934940683,0.371794021901448,0.145011557471819,2.40016263136185,1.52456689471006,-0.298503861416735,-3.62622566465517,0.799750242883165
232,-0.619630017719804,1.53656055721069,-0.916930539490886,-0.634024688002765,0.887585071343353,-0.253560383340588,-0.81110449192898,0.68057583479435,1.83631631210241,-1.00257774700169,0.999068229741361,-1.70227813770744,-0.166120046682154,0.166120046682154,-0.114198147980695,-0.162425010238354,0.27662315821905,0.596919664294641,-0.596919664294641,-0.623851995012949,0.427822466493512,-0.166933864120601,0.362963392640038,3.76799304948857,0.134443681499632,-0.52068938744811,-3.38174734354009,5.32850471535629
200,-3.09901641699258,0.0596101857333901,3.03940623125919,0.47445828882889,-1.31498428938911,0.840526000560217,-0.770876953578043,0.00247085967756876,0.0231867540962301,1.33262130514694,0.157646027490289,-0.745047992832987,-0.907650605231298,0.907650605231298,-1.38405760848874,0.270537563020921,1.11352004546782,0.49130384776745,-0.49130384776745,-0.815156874765037,-0.402450169401899,-0.217289148657297,1.43489619282423,-0.173049722590576,-1.19534269802989,0.179759741731714,1.18863267888875,-0.52427697175769
95,-1.36289507326875,1.54941995241571,-0.186524879146965,-0.211080353332213,0.192493580176605,0.0185867731556085,-0.135605358752501,0.326846381071413,0.65411842797519,-0.365572724237211,1.30502504600604,-1.78481177206293,-0.304421173368452,0.304421173368452,-1.43930357518088,0.288341116243284,1.1509624589376,0.240292853126316,-0.240292853126316,-0.513099456059704,0.522857443413435,0.0841389666848586,-0.0938969540385894,2.28756002880908,0.554489354176546,-0.221451758225938,-2.62059762475969,7.43920773851049
243,-2.66334034764454,2.37188326099158,0.291457086652962,0.407884155911382,-0.878912814084971,0.471028658173589,-0.0796421702450812,1.0177511735578,0.694598304971197,-0.646403800317675,0.702874255315196,-1.68917776328144,-0.585019244986339,0.585019244986339,-1.64371938528637,-0.248480989113331,1.8922003743997,0.70819646435574,-0.70819646435574,-1.53671859301,0.180068710046076,0.498751383958597,0.857898499005322,3.37252416820074,1.70987808842752,-1.05495879367837,-4.02744346294989,1.9287030525693
159,-2.62724124690724,2.38085642147274,0.246384825434495,-1.35022254115224,-0.489582235014742,1.83980477616698,-1.33244175689402,0.704629989106451,0.619963300763516,-0.457146262103184,0.85218368750678,-0.387188958379549,0.446886479638172,-0.446886479638172,-2.31493430592844,0.358008050061841,1.9569262558666,-0.730237668100429,0.730237668100429,-0.896837306178572,-0.136591235944857,0.252057306479039,0.781371235644391,0.479154373924721,1.47121085648611,0.0283902377911123,-1.97875546820194,-0.742323481912695
148,-1.34983198822641,1.24106241298236,0.108769575244042,-0.0156168447549132,-0.929288619001971,0.944905463756884,-0.681800454803735,-0.97329545182689,0.471789120986353,1.63293916066844,0.398258443473675,-0.847890818497843,0.500247394432758,-0.500247394432758,-0.083629234853082,-0.716643401920238,0.80027263677332,0.466579437283227,-0.466579437283227,0.729714003777475,-0.663055988687275,-0.43411457076621,0.36745655567601,-1.3380596404413,0.312679672174396,0.359484929546114,0.66589503872079,-1.63012699510601
144,0.0720049537874921,0.585534501253303,-0.657539455040795,-0.330919842718753,0.89296623041424,-0.562046387695486,0.649225545304783,-0.0566272504731744,-0.877989236277377,-1.42950213194098,0.344602977712663,1.37029009567409,0.0579449046184162,-0.0579449046184162,-0.796050476136015,1.67381030093688,-0.877759824800861,-0.515302268465373,0.515302268465373,0.34552311858499,0.0973936341310489,0.519584013793284,-0.962500766509324,-0.754737505891872,-0.302109851053969,0.613793167536093,0.443054189409748,-2.90953436655871
112,-2.9143645953928,2.40375137867238,0.510613216720425,0.327482633299229,-0.576590586908675,0.249107953609446,-1.31636411116036,0.40600949559899,-0.112229250213832,0.528438896217012,0.355113117653809,0.139031851904381,-0.9525229758348,0.9525229758348,-1.61363630362391,-0.0157488959416334,1.62938519956554,-0.732451630985957,0.732451630985957,-0.358658606562157,-0.187938789548285,0.741031890133966,-0.194434494023525,-2.43497656220391,-0.0730042698839606,0.197111266433976,2.31086956565389,-1.79150201748841
120,-2.68631313144093,0.400742612157524,2.28557051928341,0.874185830516989,-0.381322769291735,-0.492863061225253,0.17319494454112,1.25257826445843,0.713129715772509,-0.83584099113128,0.898908496694704,-2.20197043033549,0.387118454016134,-0.387118454016134,-2.12871915931495,-0.703907945881661,2.83262710519661,0.167210644269104,-0.167210644269104,-0.473995793488963,0.666124768652529,-0.245639680509345,0.0535107053457791,1.28847593114039,-0.145107042600747,0.892414326034689,-2.03578321457433,6.00707992800982
196,-1.57696646528997,2.03426222176245,-0.457295756472476,0.602357220943075,-0.330858353136176,-0.271498867806899,0.705091888115977,0.934426260630067,1.65131445183823,-0.95621478626605,-0.33575306080806,-1.99886475351016,-0.260791674505997,0.260791674505997,-2.13703671599937,1.22078667768255,0.91625003831682,0.753641835914435,-0.753641835914435,-1.23794292531687,-0.481797646861623,0.407230853364256,1.31250971881424,4.02197059651995,1.31022805338462,-0.800506029729855,-4.53169262017472,5.47974240210349
249,-3.23658596599441,0.0279803890883591,3.20860557690606,-0.972853885318366,-0.896089783453269,1.86894366877163,-1.7617769688155,-0.900253022001383,-0.132986454620112,0.713841641395613,1.85074149706204,0.23043330697934,-0.65743700356238,0.65743700356238,-1.37255315632736,0.194298209788902,1.17825494653845,0.244026177122138,-0.244026177122138,-0.686188442381393,0.207337427179995,-0.130266016187765,0.609117031389163,-1.94913235282049,-0.368564563723806,1.01851338646409,1.29918353008021,-1.69121005131657
15,-3.28447437861731,-0.0723249357202423,3.35679931433755,0.821081737523585,-1.27390577582006,0.452824038296471,0.291477881141762,-0.471110276933183,0.737703606136572,-0.283140434145964,1.4238694567415,-1.69880023294068,0.199833775430211,-0.199833775430211,-2.49294103524552,0.592150127949059,1.90079090729646,0.205095462403726,-0.205095462403726,-1.23585007044727,0.302198157834895,-0.331852623818477,1.26550453643085,1.27181829751378,1.21267137346814,0.0150782291427281,-2.49956790012466,0.951456248917864
33,-2.72457475891775,2.03654068744213,0.688034071475617,-0.514251952763011,-0.319997752041899,0.83424970480491,-2.19340221385237,-0.289163885462351,-0.914618389471656,0.319538390308757,1.63927646519926,1.43836963327837,-1.52168885401664,1.52168885401664,-1.54393701483017,0.27276559132609,1.27117142350408,-0.46367771795159,0.46367771795159,-0.746838969025655,-0.400179724050649,0.270042409621222,0.876976283455082,-2.14918394760574,0.36575986278784,-0.18882266279104,1.97224674760894,-3.10653977836573
103,-2.62284095618303,2.31751482464731,0.305326131535721,0.182761054758177,-0.76756261903578,0.584801564277603,0.00548164256721305,-0.290049191209629,1.58791488447449,-0.781556775838614,0.978632856460661,-1.50042341645412,-0.808343505120079,0.808343505120079,-1.62408215897648,0.754604420937341,0.869477738039142,1.25697430623054,-1.25697430623054,-1.30947483655419,0.268458564751909,0.409517055932064,0.631499215870217,3.12533340994303,0.880047381187979,-0.183352617653863,-3.82202817347715,1.55753769002878
41,0.647711654562092,-0.0689528923609262,-0.578758762201166,-0.237688803335644,0.374943443197481,-0.137254639861837,0.589626627023387,1.46389680777468,1.23709455569967,-1.84038039161018,0.0124525668470071,-1.46269016573455,-0.369609689512446,0.369609689512446,-1.1674120172568,0.24150809395597,0.925903923300832,0.258002069269221,-0.258002069269221,-2.13506215270774,0.560958535135605,0.73551562300686,0.838587994565271,4.57949474305822,1.3497581442019,-1.28187394352801,-4.64737894373211,2.18078017616254
16,-2.38747040503291,1.94848093802619,0.438989467006714,0.443121481607743,-0.417522206467369,-0.0255992751403739,0.00873742369871999,0.957434645514376,1.37075599430847,-1.28878155334594,0.298372969199633,-1.34651947937526,-0.934428290173702,0.934428290173702,-1.24200817886248,1.24386524160277,-0.00185706274029052,0.6139801062459,-0.6139801062459,-1.72100590900733,-0.462660789923783,1.91698760595748,0.26667909297363,4.4809826211003,1.80756522977183,-1.44513577185255,-4.84341207901958,2.38050068556346
23,-3.10343828018985,0.823551261741012,2.27988701844884,-0.206442887815151,-0.945469795057572,1.15191268287272,-2.18622558449512,-0.198875772445764,-0.903534424725957,1.16815605648999,0.157312215116379,1.96316751006046,-0.546825187418103,0.546825187418103,-1.36107736535145,0.204456943804278,1.15662042154717,-1.10765984001073,1.10765984001073,-0.814617437432452,0.0384088890446873,0.138628987157116,0.637579561230648,-2.35686997664304,-0.48751288129476,1.28608557678639,1.55829728115141,-2.5651589160831
137,-0.720708958920461,-1.11571565717344,1.8364246160939,0.511073765547215,-0.930539727291016,0.419465961743802,0.411583016162223,-0.974946318423838,0.300835908957237,-0.942935129693894,0.309189312239091,0.896273210759182,-0.952796099853875,0.952796099853875,-0.445610839290817,1.79534728709593,-1.34973644780511,-0.146616702153824,0.146616702153824,-1.264828227756,0.216022769393259,0.74107934956453,0.307726108798206,0.0276304784572745,1.54622051807926,-0.409153930134768,-1.16469706640177,-1.97580589855928
58,-2.92274023334492,1.99720808181355,0.925532151531362,0.491971716942923,-0.858842570744104,0.366870853801181,-0.467987251100516,0.375965367637644,1.31548466462184,-0.856022186333927,0.651397032721571,-1.01883762754661,-0.302043606961404,0.302043606961404,-3.36665893510885,1.50580228633334,1.86085664877551,0.751575490597211,-0.751575490597211,-1.17934155950983,0.22844800183633,-0.113027430205058,1.06392098787856,2.66941060521404,2.45349963713758,-1.08895846813504,-4.03395177421657,1.96345447666097
297,-2.75043197690329,1.19619309889638,1.55423887800692,0.0277985560228058,-1.22067253645536,1.19287398043255,-0.301566556500436,-0.0863354852427938,0.00725376649752494,1.02306869279903,0.611907650490814,-1.25432806804414,-0.630896413634912,0.630896413634912,-0.307166171424765,-0.0498268071372136,0.356992978561978,0.12875558403571,-0.12875558403571,-0.843209996244225,0.440691140132173,0.507183874330613,-0.10466501821856,0.15305731717262,0.142065261382337,0.545658156278564,-0.840780734833521,-0.701966292609205
27,-3.0603481463038,1.23414682584139,1.82620132046241,0.182107700293045,-0.518914631526098,0.336806931233053,-1.81343767685243,-0.985261826661462,-0.737124182651404,-0.445962619422812,1.47859452461056,2.50319178097755,0.124214353096029,-0.124214353096029,-0.825227781213546,-0.311550010223803,1.13677779143735,-1.17113680106768,1.17113680106768,-0.677479972589691,0.723594361018146,0.0213285783465764,-0.0674429667750319,-0.768575232793858,0.762224228686683,-0.0551241210643835,0.061475125171558,-2.51672656062422
195,-0.232426535881354,1.31334510733248,-1.08091857145113,-1.63072459738336,0.993167968883261,0.637556628500098,-0.946808785232803,0.915169747745368,1.26344195427282,-1.34703396068767,0.671085596008845,-0.555854552106553,-0.0336617403833923,0.0336617403833923,0.605739983491998,-0.253717130126401,-0.352022853365597,0.950719554401767,-0.950719554401767,0.218243793973685,-0.317816062348779,-0.577115505109639,0.676687773484733,3.12192585676136,0.195719617854304,-0.676197217892476,-2.64144825672319,0.666313336372728
296,-0.75886659568631,-0.419968276277929,1.17883487196424,-0.475098285800756,0.492620696932393,-0.0175224111316377,-0.366981308967515,0.0022610410968198,2.25731196783006,-1.87173291817382,1.16553370158867,-1.18639248337421,-0.611386640527028,0.611386640527028,-1.35286845814017,0.977916592278187,0.374951865861983,1.66551283584138,-1.66551283584138,-0.793573414508659,0.675908231070081,-0.255367473383473,0.373032656822051,3.77362289992836,1.43538542667468,-0.948585055977729,-4.26042327062531,1.68257936932937
227,-3.47149604680784,1.02543238562925,2.44606366117859,0.952206570140999,-1.4152778751489,0.463071305007902,0.360728231753071,-0.472513947704037,-0.648842514105985,1.03888159794064,1.00257802377305,-1.28083139165674,-1.28292964602632,1.28292964602632,-1.06048572113729,-0.375630554310417,1.43611627544771,-0.0529923128959079,0.0529923128959079,-0.721092474984805,0.110498598282825,-0.245335402947102,0.855929279649082,-1.27155792540316,1.25522420440547,-0.465676212486928,0.482009933484613,-0.799448059033154
89,-2.9133434204653,1.85383040608858,1.05951301437671,1.02489756096982,-0.959239612558626,-0.0656579484111937,-0.569812214722286,0.687523816726458,-0.230755849994265,-0.509702874606985,1.24799626436329,-0.625249141766212,-0.519779899823104,0.519779899823104,-1.65574142763458,0.0169648165931038,1.63877661104148,0.00836223781519291,-0.00836223781519291,-1.20328092891753,-0.0194771794459132,-0.118721696387138,1.34147980475058,0.988525266629742,2.13522614316245,-0.051248174859489,-3.0725032349327,0.59582223724395
241,-3.07546395600557,1.30411414559715,1.77134981040842,1.63848676093382,-0.934505130732003,-0.703981630201814,0.105178427302312,1.13712800100517,1.06983882935403,-0.760684962129005,0.696066742936651,-2.24752703846916,-0.0242029168292534,0.0242029168292534,-0.801149189429095,-1.15140437675205,1.95255356618114,1.48691482649086,-1.48691482649086,-1.25855127646185,-0.115446113450213,0.996350928534734,0.377646461377332,2.79235094154205,0.572423988671984,-0.0664561141191447,-3.29831881609489,2.9118499442202
38,-1.11009772576379,-0.107591887692051,1.21768961345584,-0.0316890746784113,-1.1575725407776,1.18926161545602,-0.584341291376516,-0.486886550468644,1.06782911743066,-0.777650227735929,0.627519943570005,0.153529008580424,-0.316843607502085,0.316843607502085,-0.790508914646661,0.406535918632463,0.383972996014198,0.83481998947754,-0.83481998947754,-1.05922516491391,0.666744348152331,-0.0437520089045951,0.43623282566617,0.646063750890686,1.0479838332154,1.10470489472078,-2.79875247882687,-0.737849376577983
199,-1.17892096086583,0.645843505998604,0.533077454867228,0.882501873612185,-0.853288910882515,-0.0292129627296703,-0.229820123402245,-0.0303330886187948,-0.220963837675334,-0.543707695686835,1.72061553799896,-0.695790792615756,0.0184133526677703,-0.0184133526677703,-0.704799951826341,0.0135230155287766,0.691276936297564,-0.594631272926338,0.594631272926338,0.783612820267486,0.627820771362542,-0.739453623310888,-0.671979968319139,0.0352040771393062,1.31765708257186,-0.437266940170268,-0.915594219540896,-1.12627516078517
239,-0.242822408771265,0.0599168065739151,0.18290560219735,-0.483607067578125,-1.15332703162112,1.63693409919924,-0.535863423999693,0.360859790623834,0.796444641268846,-0.650708720468877,1.23158870516046,-1.20232099258457,-0.116350906443046,0.116350906443046,-0.931651545603537,-0.241166691510578,1.17281823711411,0.30290193912901,-0.30290193912901,-0.377591613947486,0.200142236343822,0.355711255685221,-0.178261878081557,1.14486854324182,1.74807794912475,0.20321684302167,-3.09616333538824,-0.382269980656475
124,-0.373361221284466,1.44856512718902,-1.07520390590455,-1.27691820718624,0.286558156279961,0.990360050906275,-1.52685395762524,1.12799267513872,1.12771771091625,-1.01233924844687,1.00703362322565,-0.723550803208498,0.212126531405773,-0.212126531405773,0.753673324429188,-0.405192299965437,-0.348481024463752,0.560401340474606,-0.560401340474606,0.00343665349054816,0.695349605272987,-0.944822961261011,0.246036702497476,2.07527099339473,0.670168422580995,-0.429509004953828,-2.31593041102189,0.255949617098455
121,0.359086126842167,0.768366581579007,-1.12745270842117,-0.526579299236413,0.895145871836,-0.368566572599587,-0.104459637521244,2.41627665852868,1.03608233562869,-1.75530118026528,0.155060085159591,-1.74765826153043,0.132716333308288,-0.132716333308288,-0.265144765709139,0.3641819599315,-0.0990371942223608,0.808234820337293,-0.808234820337293,-0.406836943545155,0.568441961876309,-0.312226798898836,0.150621780567681,4.55603904216443,0.501341668675496,-0.99026038601592,-4.06712032482401,2.72065793713168
202,-2.34700076882074,2.71190636901667,-0.36490560019593,1.42542432175974,-0.464344107079966,-0.96108021467977,0.565468848695697,1.17111699907056,1.5884117647438,-0.949072669941472,-0.160916319916392,-2.21500862265219,0.0720191208585427,-0.0720191208585427,-0.655340489290277,0.171855652094618,0.483484837195659,0.866961828054571,-0.866961828054571,-0.986121885559711,-0.00408209263506031,0.278658466267736,0.711545511927035,4.29782020155609,0.887114578406519,-0.87597072416698,-4.30896405579563,3.76455234925634
61,-3.22656183944132,1.9347753681772,1.29178647126412,0.397283184918314,-0.868826994854502,0.471543809936188,-1.37354415660392,0.0113075996614792,0.392317563847764,-0.15257000064889,0.464939473938567,0.657549519805002,-0.442972947803578,0.442972947803578,-2.64690311393809,0.346513563602323,2.30038955033577,-0.219048710774945,0.219048710774945,-0.787083328538796,0.373735907398143,-0.256278225611711,0.669625646752365,0.86798898420466,0.384137364979977,-0.25100299116881,-1.00112335801583,-0.513551738274208
164,-1.35940975039393,0.718640953446777,0.640768796947153,-0.760809037711134,-0.207716616162454,0.968525653873587,0.547838165649801,0.434283956993591,0.771946922410063,0.0640688408618929,0.299618131167932,-2.11775601708328,-0.822453247251882,0.822453247251882,-1.84069659270573,-0.190464191998009,2.03116078470374,0.545818986951983,-0.545818986951983,-0.375154705103831,0.528877605810632,-0.186587274829065,0.0328643741222634,1.07049186095536,0.768860649728305,0.834104678453515,-2.67345718913718,6.95615213517093
235,-1.3027034225186,1.74878626862802,-0.446082846109425,-1.4559223779796,0.0526653162094063,1.4032570617702,-0.491629605079977,1.09680181752174,1.39664201150643,-0.297260328555887,0.137303577956268,-1.84185747334858,-0.601802405804833,0.601802405804833,-1.02886122489401,-0.0420544462920922,1.07091567118611,0.579602150015178,-0.579602150015178,-0.492130974403947,0.0254434941049351,0.419374301473476,0.0473131788255357,1.91116004669227,1.17024928172647,-0.239099758982682,-2.84230956943606,6.56014847240892
289,-1.57956920149324,1.22050540732191,0.359063794171335,-1.31206195930282,-0.674810306543563,1.98687226584639,-1.13666292263664,-0.0750507603304534,1.23307708204114,1.8717990766473,-0.456923897588759,-1.43623857813259,-0.444419385110237,0.444419385110237,-2.23503004836502,0.067302399507272,2.16772764885774,0.356431077150351,-0.356431077150351,-0.554209771089213,-0.320321865308735,0.0254329617028984,0.849098674695049,0.025583373113618,0.715105008644132,0.581680209647338,-1.32236859140509,5.13939811351283
57,-3.47888535605855,1.04306633328579,2.43581902277276,0.292206803598164,-1.36914237762899,1.07693557403083,-1.04882414806758,0.0333487493502668,0.206779839511868,0.00276514093024949,1.84835705221766,-1.04242663394247,-1.08899339616105,1.08899339616105,-2.52349128268749,0.092163231827797,2.4313280508597,-0.650647313619665,0.650647313619665,-1.36633729810898,0.618509770724619,0.395088376891087,0.35273915049327,1.16655123897686,0.896357558606593,0.221319910969452,-2.2842287085529,0.168554033003353
258,-1.80307236868157,2.71802645533471,-0.914954086653139,0.945382859717337,-0.056580862495234,-0.888801997222104,0.897874451188447,1.1109799698761,1.633692843416,-0.896038695456478,-0.42231002113485,-2.32419854788922,-0.112847098189463,0.112847098189463,-1.88459302613654,0.585735144492475,1.29885788164406,0.711973035922716,-0.711973035922716,-0.826167383750692,-0.0986872830649523,0.842363509804221,0.0824911570114238,3.83163112995958,1.31711834879297,-0.80724311767376,-4.34150636107879,6.4585864365911
211,-2.8796832760477,0.820532198916552,2.05915107713115,1.24101708350238,-0.781285360555576,-0.459731722946803,-0.687964822639849,0.136865220044164,0.18096477248337,-0.089730438091317,1.38465701323658,-0.924791745032943,-0.122729496578971,0.122729496578971,-2.16915864805741,-1.24366829528764,3.41282694334505,-0.134806523386961,0.134806523386961,-0.497518054782584,0.297376670155759,-0.569140121712894,0.769281506339719,-0.518363087822868,0.4096493232786,0.459107134607991,-0.350393370063723,4.08679972247801
288,-1.85122123199174,2.68234334080087,-0.831122108809135,-0.794003414394222,-0.117386183660899,0.911389598055122,-0.618340913747915,1.07864810914637,0.912250543789736,-0.239481687433358,0.361954452153151,-1.49503050390799,-0.239483495669868,0.239483495669868,-0.591039091845585,-0.136708272559232,0.727747364404817,0.495828001013645,-0.495828001013645,-0.720809237354576,-0.196480266299347,0.114233763404399,0.803055740249524,1.70716482420362,1.19067434507196,-0.324786593298974,-2.57305257597661,3.63728711657386
114,-3.0489210684877,1.36822154740229,1.68069952108541,-0.178270367170317,-1.00911841717353,1.18738878434385,-1.51219591027965,-0.00485016734891898,0.363034238384839,0.172506562518458,0.853867920903881,0.127637355821394,-2.14901194519411,2.14901194519411,-1.76942607517731,-0.00236404700954552,1.77179012218685,0.0449447243125184,-0.0449447243125184,-1.29074476298282,0.0226617569528423,0.208631432403295,1.05945157362668,0.397933700525223,0.324235144033883,-0.512947347455203,-0.209221497103904,-0.61817301004565
275,-2.55246528861303,2.05698962077072,0.495475667842312,-0.832091098791325,-0.709747241352912,1.54183834014424,-0.0392904922633195,-0.491356274787885,1.26578159718546,-0.44723893338122,0.0784368284297855,-0.366332725182818,0.080354421613287,-0.080354421613287,-1.8372133618958,1.4639453791138,0.373267982782,0.752012979742884,-0.752012979742884,-0.92060180400115,-0.25509108748326,-0.247825610379694,1.4235185018641,0.136587128268843,2.25141258559932,-0.429043322154206,-1.95895639171396,-0.167838432985584
205,-3.15810073333896,0.973298255365656,2.18480247797331,0.0680068065482178,-1.39031658005845,1.32230977351023,-1.00377585750716,-0.715303696449515,0.877566204893951,1.1102160247003,0.972909874385103,-1.24161255002269,-0.988850798772806,0.988850798772806,-1.93446554667265,1.14639308515344,0.788072461519215,-0.77368930436868,0.77368930436868,-1.24819225608814,0.0977194988214887,0.901175806465399,0.249296950801252,0.537614695110754,1.14105956262834,0.871901153856633,-2.55057541159572,0.104018827360712
153,-3.02812005533606,0.814954491113584,2.21316556422248,-0.792231756534509,-0.819332623848538,1.61156438038305,-1.81330867000611,-0.831582586516945,-0.537537221362016,1.48128659622717,-0.054045422219181,1.75518730387709,-0.36785152800049,0.36785152800049,-0.980248371487576,0.176122394336296,0.80412597715128,-0.41957850185295,0.41957850185295,-0.14805975967145,0.0563914771897021,-0.344813727724006,0.436482010205754,-3.34119166473993,-1.05391363367143,0.730209987992713,3.66489531041865,-3.31245305283913
253,-2.0030759874785,2.2799759329639,-0.276899945485396,-0.0186775618887106,0.0911379482373388,-0.0724603863486282,0.00424745485802876,0.646162071146317,1.74057094152363,-0.962002477564182,0.859773183833127,-2.28875117379692,-0.128065292476509,0.128065292476509,-1.31046082480974,0.550649973662997,0.759810851146743,0.694541603055333,-0.694541603055333,-1.3301031167759,0.272232006585552,0.178565726185162,0.879305384005185,4.73302851827294,0.347519634422735,-0.864663917571768,-4.2158842351239,6.17356436442938
262,-1.10944926629866,1.22275480392965,-0.113305537630993,-0.465757204424586,0.330183577333777,0.13557362709081,0.0566025986194312,0.727548825693343,0.962539296067451,-0.147077786301219,0.420173960891359,-2.01978689497037,-0.736355522256851,0.736355522256851,-1.32864754493847,-0.200148804518271,1.52879634945675,0.318840013212942,-0.318840013212942,-0.442979208456095,0.0300989796027763,0.152571248797031,0.260308980056288,2.1937839529676,0.899386312972067,-0.155039855258859,-2.9381304106808,8.42967591949505
250,-1.52335445101321,0.944546122742366,0.578808328270839,-0.242232545103976,0.112506316367268,0.129726228736708,-0.273318613783322,0.499486076151343,0.474613750466857,0.134200599901414,1.10187227036106,-1.93685408309736,-1.0809429777934,1.0809429777934,-1.16555168636187,-0.568871352715654,1.73442303907752,0.480517958449344,-0.480517958449344,-0.548744831258068,-0.208268767800142,-0.039679062853421,0.79669266191163,0.68920322027925,-0.0554672651220896,-0.0885438332562191,-0.545192121900941,6.54848710473241
259,-2.21546700186235,1.06203142764555,1.1534355742168,0.609231826207806,-0.26680743165867,-0.342424394549136,0.0935096458526862,0.0428479772362896,1.60577160890619,-0.755860631447189,0.972170581569789,-1.95843918211777,-0.454734543000846,0.454734543000846,-2.8388933708356,1.61918249988793,1.21971087094767,0.322399324190939,-0.322399324190939,-1.33085789981171,0.398491673022765,0.463590878308428,0.468775348480517,4.52949023675449,1.87825704369327,-1.20807654977733,-5.19967073067043,5.70882103304746
35,-1.52865269876376,1.25432666974211,0.274326029021656,-0.965658152595652,0.690136713652373,0.275521438943279,-0.222600528238316,0.189224215585605,0.533696602284739,-0.940489637068019,0.232199452192054,0.207969895243938,0.168139708088523,-0.168139708088523,-0.824780903918692,0.367553709666072,0.45722719425262,0.0785336251009232,-0.0785336251009232,0.778096351246849,0.138441891884607,-0.178808061535172,-0.737730181596285,-0.497411796192648,-0.725616230690268,0.725544862661605,0.497483164221311,-2.06422969515387
130,-2.3994227188393,1.74765270256799,0.651770016271305,0.817721586425569,-0.847876587361249,0.0301550009356798,1.6366491015436,-0.0342683649962945,1.68139857087326,-0.660984609252565,-0.645554400088735,-1.97724029807927,0.208654736257368,-0.208654736257368,-2.72375469345574,0.810878327974501,1.91287636548123,0.938344972134001,-0.938344972134001,-1.01985916234448,0.326393471459704,-0.207000132635106,0.900465823519884,2.77035409579188,2.31510113600908,-0.697912093793927,-4.38754313800703,4.81430692980311
13,-2.73408856024717,0.744556416674763,1.98953214357241,0.741683392402419,-1.03349129259809,0.291807900195674,-0.128488564519314,1.35525226749432,0.449377521022862,-0.220039779054835,0.591768574935887,-2.04787001987892,-0.151433007600725,0.151433007600725,-2.66118620385442,0.146803640295782,2.51438256355864,0.315854647227696,-0.315854647227696,-0.828386306362967,0.563215644959015,-0.110363584781449,0.375534246185401,0.412029677985576,2.14835466235001,0.447524260751927,-3.00790860108751,4.69379674693198
63,-2.67715669146043,1.15152093482094,1.52563575663949,-0.36205793547198,-1.27440477246697,1.63646270793895,0.37776006365789,0.316846277945868,1.12760293962591,-0.0815733288897021,-0.113728535546836,-1.62690741679313,-0.122635745128666,0.122635745128666,-1.26618044579016,0.304941833727136,0.961238612063027,0.30363380037147,-0.30363380037147,-0.577696791615095,0.565497874750274,-0.308631045138449,0.32082996200327,0.00808895315713087,0.399531310539666,0.611286916866642,-1.01890718056344,-0.171848917263553
72,-3.26265747421871,1.05540145609071,2.207256018128,0.234356967736346,-1.34264716451167,1.10829019677532,0.625797582225205,-0.123678438628694,0.57364266098694,-0.353661628849729,1.13294147638238,-1.8550416521161,-0.0593545617530616,0.0593545617530616,-3.19489725143381,0.428804654244973,2.76609259718883,0.711363979140639,-0.711363979140639,-0.867558715761447,0.897939286758068,-0.982083491842063,0.951702920845442,1.15662054137742,1.59004409838863,0.513065907959114,-3.25973054772517,1.45082957598246
181,-1.45370059873195,2.08129611833058,-0.62759551959863,-1.45311037590687,0.228496235802738,1.22461414010413,-1.43107370141277,0.473483639879332,0.591920856653259,-0.78108739812621,1.27029373030209,-0.123537127295696,0.38227634612634,-0.38227634612634,-1.41314608703527,1.08852629093363,0.324619796101644,-0.342916322931433,0.342916322931433,-0.611440248282106,-0.235516074680223,0.904075009761364,-0.0571186867990351,-0.000440700744983927,1.54782003303332,0.589062912064971,-2.13644224435331,2.334407512948
